Likes,Sentiment
95,1
19,0
161,2
8,0
34,2
8,1
29,2
7,1
2,2
28,1
1344,2
198,2
365,2
211,2
821,0
150,2
49,2
19,2
17,2
2808,2
456,2
962,2
518,2
194,2
304,1
3371,2
36,2
134,2
274,2
13,2
182,2
63,2
3660,1
534,2
46,2
380,1
21,2
49,2
278,1
75,1
23964,1
415,1
35,2
233,2
104,1
2106,1
135,2
17,2
82,2
126,2
5092,1
765,2
693,1
263,0
8073,1
533,0
127,2
150,2
75,2
1584,2
10826,0
787,2
395,2
674,2
196,1
6138,0
75,2
38,1
19,0
67,1
2460,2
6495,2
84,2
14,2
13,2
7,2
2389,0
11,2
5,2
2,2
600,1
103,1
337,0
0,1
45,1
6,1
51,2
12,2
47,0
4,2
4026,1
1038,0
1812,2
2369,2
892,2
601,2
885,0
309,0
120,2
281,0
3480,1
403,2
243,2
72,2
160,2
8968,0
74,2
2,2
1,2
19,2
317,2
118,2
7,2
5,2
10,2
2,2
2,2
4,2
2,2
86,2
1753,0
46,2
13,2
5,2
10,2
206,2
63,1
2,2
40,0
11,2
14,2
42,2
17,2
5,2
424,0
57,2
6,2
15,2
3,2
2,2
210,2
320,2
88,2
29,2
37,2
21,2
17,2
16,2
7,2
8,0
1419,0
960,0
2066,0
142,2
411,2
352,2
253,2
48,2
1041,2
66,0
18,1
5,2
36,0
3,1
2,1
2,2
6,1
1,2
2,2
1,0
296,0
0,2
1,2
13,2
14,0
0,2
16,0
22,1
1,2
13,1
15300,0
256,2
72,1
62,2
166,2
4789,2
21,2
29,2
24,0
115,0
3183,0
2902,2
90,1
20,2
0,2
6,2
8460,2
5,2
19,2
6,2
12,2
13,2
5,2
9,1
30,2
40,2
72,2
6,2
3,1
4,2
10710,2
6964,1
4364,2
5322,2
2712,2
1771,2
2560,2
960,2
569,2
335,2
322,0
338,2
147,1
18,2
7,2
4,2
2,2
2,2
0,2
1,2
4813,0
1014,2
1666,1
1631,2
16674,2
880,1
269,2
505,2
382,2
229,2
68,0
89,0
22,2
25,2
0,2
0,2
25,1
6,1
0,1
3,0
34,2
3,1
3,2
3,2
1,2
7,2
6,2
3,0
13,0
4,1
4,2
9,0
0,1
2,0
70,1
2,0
12,0
3,1
3,2
3,2
4,2
1,2
4,2
5,1
5,1
3,2
3,2
1,2
1,2
5178,2
2681,2
560,0
213,1
891,2
207,2
416,2
398,0
4284,2
686,2
1550,2
496,2
104,2
279,2
18,2
195,2
265,1
122,0
28,2
63,2
16584,0
1281,2
1537,0
1645,2
262,2
12859,1
1379,2
71,2
83,2
366,1
210,2
113,1
30,2
17,2
16,2
4,2
10,2
4,2
0,1
1,2
342,2
645,2
36,2
72,2
27,2
5,2
40,2
2,2
3,2
2,2
10,2
8,1
1,2
2,1
3,1
2,2
2,1
3,1
0,1
5662,0
4836,2
1798,0
5528,1
2356,0
2538,0
989,0
739,2
3368,0
415,2
2,1
7,2
2,2
2,1
3,0
0,1
0,2
3,0
1,0
0,2
5170,1
1060,1
81,2
48,2
44,2
6583,2
9,2
3,2
3,2
2,2
208,2
105,2
46,2
43,2
19,2
197,1
97,2
6,1
66,2
14,2
2,0
14,0
2,2
51,2
25,0
9,2
0,0
4,0
9,1
2,0
7757,1
449,0
93,2
135,0
131,1
3310,2
35,2
22,2
8,2
8,2
296,2
80,2
11,2
9,2
7,2
234,1
3,2
3,2
0,2
2,2
2487,1
3105,0
251,0
141,2
38,0
19,2
2731,2
12,0
2,0
5,2
4831,2
3328,1
62,1
18,2
3,2
3,2
1451,1
3,2
2,1
0,2
6320,2
4239,1
3956,2
3071,2
1686,1
894,2
997,2
950,2
55,1
923,2
4224,2
942,2
1003,2
332,2
6053,2
427,1
162,2
83,1
637,1
3462,2
16,2
58,2
1,0
6,1
0,1
43,2
7,2
15,2
3,2
0,2
6,2
7,1
0,1
1,2
3,2
5846,2
1234,0
1394,2
938,2
490,0
3233,2
761,2
391,2
351,2
346,2
104,0
32,0
136,0
216,1
93,0
23,1
18,0
145,0
66,0
3,0
0,1
5,0
9,0
12,1
36,0
7,0
1,2
0,0
5,1
53,0
26,0
154,0
8,0
41,0
96,1
162,2
14,2
1,2
10,2
1,1
72,0
29,2
42,0
2,1
0,2
4,0
6,1
46,1
2,0
3,0
11,0
1,0
19,2
1,0
0,1
3,0
5,0
0,1
0,0
4,1
0,1
20,1
22,0
1,1
6,1
5,0
7,2
0,1
0,1
11,0
102,0
151,2
623,1
53,0
35,1
225,2
561,2
41,0
104,0
85,1
94,1
2,1
47,0
7,1
1,0
2,0
56,2
97,1
5,2
47,1
1,0
14,2
11,0
3,0
0,2
1,2
4,1
9,1
1,1
1,1
34,1
47,1
139,0
4,1
72,0
11,2
142,0
30,1
3,0
58,0
235,1
222,0
162,0
66,0
61,1
50,0
38,1
66,0
102,0
60,0
5,0
12,0
42,1
9,1
8,0
21,0
100,0
1,0
1,1
23,0
4,0
0,0
1,1
0,0
2,0
1,1
7,0
0,2
2,0
0,0
6,1
12,1
4,1
0,1
2,1
4,1
0,1
1,1
2,1
1,1
210,1
12,1
27,1
121,0
57,1
14,0
38,0
9,1
2,0
16,1
418,0
330,0
459,0
190,1
83,2
81,0
125,1
108,0
133,0
23,0
25,0
27,0
13,2
48,1
69,0
43,2
16,0
32,0
40,2
35,2
33,0
31,0
39,0
14,0
12,0
16,0
9,0
14,0
12,1
24,0
3,1
0,1
0,1
0,1
0,0
0,0
0,1
0,2
3,1
0,1
0,1
0,1
1,1
0,1
0,1
1,1
199,1
191,1
264,2
16,1
123,1
31,1
45,1
29,1
99,1
23,1
49,0
35,1
52,0
69,0
4,0
3,1
43,0
1,0
173,0
17,0
89,0
77,2
91,2
46,0
123,0
49,2
76,2
31,2
116,0
72,1
1397,2
1539,1
781,2
421,2
314,2
237,1
519,0
377,2
364,1
36,0
7,1
4,1
2,1
2,1
2,1
1,1
0,1
1,1
0,1
0,1
131,0
62,2
39,0
14,2
83,0
65,2
66,1
39,0
125,1
29,2
7,0
1,1
1,0
2,1
1,0
0,1
0,1
4,2
31,2
8,0
231,0
1067,0
82,2
42,2
64,1
332,1
146,2
130,2
72,1
67,0
2,2
0,2
1,1
1,1
1,1
0,1
0,1
0,1
1,2
0,1
0,2
0,1
0,0
0,1
0,1
0,1
0,2
0,1
42,0
49,1
4,2
1,2
7,2
23,0
0,2
8,0
37,0
25,2
5,1
3,1
0,1
0,1
0,2
0,1
0,1
2,1
0,1
0,1
165,0
93,2
62,0
75,0
27,0
100,0
170,0
168,0
147,0
59,0
16,2
41,2
32,0
12,2
8,2
19,0
84,0
86,1
0,0
74,0
0,1
0,1
0,1
0,1
0,1
0,2
0,0
0,1
0,1
0,0
0,2
9,1
2,1
42,2
11,0
0,0
17,0
0,2
18,0
1,0
53,1
30,1
50,1
12,1
14,1
15,1
14,1
13,1
34,1
8,1
207,0
534,1
204,0
9,0
53,2
412,0
65,0
36,0
87,2
4,2
456,2
962,2
518,2
194,2
304,1
3371,2
36,2
134,2
274,2
13,2
68,1
50,2
36,2
34,2
34,2
0,2
0,2
1,2
0,2
0,2
12,1
6,1
4,1
4,1
4,1
2,2
2,2
2,2
0,1
2,1
10,2
1,2
0,2
24,2
0,2
0,2
0,2
0,2
4,1
4,1
0,2
3,1
2,1
0,1
0,1
1,1
0,1
1,1
51,2
5,2
2,1
1,2
1,1
0,2
0,2
0,2
0,2
0,2
22,1
33,2
106,2
40,2
1,1
9,1
10,1
25,1
6,1
4,1
18,1
1,2
1,1
2,1
1,1
1,1
1,1
6,1
2,1
1,1
13,0
32,0
20,2
15,0
22,0
24,0
126,1
4,0
4,2
34,2
29,1
6,2
7,1
2,1
0,2
0,1
1,1
2,1
1,1
0,1
1069,1
95,1
2,2
55,2
0,2
0,2
0,2
0,2
0,2
6,2
3,1
5,1
1,0
0,2
0,2
0,2
2,1
0,2
0,2
1,1
10,2
11,2
78,2
2,2
2,2
42,2
1,2
0,2
0,2
0,2
6651,0
4183,2
1934,2
760,1
3891,2
340,2
643,0
109,2
735,0
177,2
68,2
74,2
89,2
20,2
40,2
9,2
4,2
47,2
5,2
7,2
194,2
100,0
43,2
45,0
32,2
16,1
20,0
25,2
10,0
4,2
2,2
1,2
1,2
0,2
0,2
0,2
0,2
0,2
0,2
1,2
2,2
1,2
0,1
2,2
1,1
1,2
0,2
0,2
1,1
8,2
4,2
3,2
2,1
2,2
1,1
2,2
2,1
0,1
0,1
48,2
7,1
7,1
6,1
2,1
2,2
0,1
0,2
0,2
0,1
5,2
3,1
1,1
0,1
37,2
39,0
2,2
5,2
1,2
2,2
0,2
2,1
2,0
1,1
83,2
10,2
31,2
8,2
5,2
2,2
36,2
4,2
5,2
10,2
29,0
5,2
0,2
6,2
3,2
0,2
4,2
5,2
2,2
2,2
28,2
10,2
25,1
149,1
21,2
2,2
55,2
43,0
11,2
3,2
2,1
3,1
0,1
1,1
1,1
0,2
1,2
3,1
39,1
2,2
28,2
11,1
5,2
5,2
4,2
4,2
0,2
1,2
166,0
340,0
83,1
16,1
39,2
12,2
5,0
11,0
4,1
1,0
366,1
69,1
4,1
18,1
26,1
19,1
11,2
25,1
64,1
1,2
1,2
1,2
1,1
2,2
18,2
0,1
1,2
3,2
0,1
3,2
0,2
1,1
0,1
0,1
2,2
4,1
0,1
0,2
0,1
0,1
21,2
2,2
6,2
4,2
2,1
0,2
0,2
4,1
10,0
1,1
172,1
4,2
6,2
6,2
14,2
0,2
7,1
5,1
10,2
11,2
32,1
34,1
17,1
5,1
9,2
5,2
2,0
2,1
2,2
2,0
13,2
16,2
3,2
117,1
13,2
6,2
3,2
4,2
4,2
2,1
16480,1
4098,2
1435,1
488,2
1189,1
16,2
98,2
10,2
9,2
1148,2
3371,2
233,1
88,1
77,2
115,2
531,2
29,2
116,2
29,2
14,2
37,2
24,1
6,1
4,2
4,2
16,2
16,2
150,1
5,2
7,1
1,1
0,1
1,1
1,1
1,1
0,1
0,1
0,2
0,1
0,1
6,2
11,2
13,1
26,1
6,2
9,2
13,2
15,1
3,2
4,1
18,0
1,2
6,2
2,2
0,2
9,2
1,2
0,2
3,2
0,2
13,1
0,2
40,2
11,1
0,2
2,2
0,2
0,1
3,2
0,2
3163,0
804,0
306,2
20,2
893,1
336,1
50,2
253,2
36,2
517,2
3829,2
1241,2
652,2
748,2
618,0
2141,2
185,0
355,2
285,2
124,2
21272,2
605,2
124,2
114,2
43,2
13352,0
20,2
1,2
2,2
6,2
3384,1
216,2
121,2
119,2
122,2
2436,2
317,2
113,2
23,2
61,2
49,2
802,2
467,1
25,1
53,2
134,2
76,2
25,1
46,1
69,1
8218,2
15759,1
182,1
1434,1
2,2
1,2
3785,2
1,2
22,2
8,2
0,1
2228,2
93,1
29,2
36,2
31,2
145,2
40,2
6,2
107,2
6309,2
1665,2
85,2
56,2
305,2
3904,2
518,1
12,2
32,2
166,2
229,2
2521,2
17,2
15,2
588,0
26,2
3622,1
145,1
0,1
6,2
260,1
1127,1
116,0
271,2
67,2
2560,0
170,1
38,2
100,2
65,0
23610,1
5019,2
689,2
443,2
788,0
210,2
2871,2
14,2
46,2
5,2
1842,2
1095,2
663,2
630,2
337,2
66,2
36,2
159,2
13,2
142,2
319,1
5,1
6,2
431,2
257,1
30,2
109,0
29,1
129,0
3,1
1805,2
625,2
755,2
235,2
522,2
94,2
500,2
76,2
39,2
47,2
162,1
85,1
34,1
3,0
11,2
5,2
1,1
2,1
0,2
15,2
452,2
151,2
109,0
611,2
222,2
43,2
17,2
138,2
54,2
7,2
961,2
4831,2
417,2
16,1
33,2
115,2
3497,0
17,2
4,0
8,2
1162,2
2917,0
2053,2
817,2
1440,2
801,2
408,2
70,1
673,2
181,2
5304,2
726,2
4,2
9,2
4,2
440,2
163,2
6,2
2,2
6,1
3808,1
4742,2
266,1
38,1
53,1
142,2
4103,2
10,1
1,2
12,1
2284,2
1199,2
211,1
733,1
229,2
3651,2
87,2
472,2
280,2
116,2
1755,2
1762,1
155,2
231,0
4,2
17,2
118,0
91,1
56,0
2,2
313,2
513,2
472,1
181,0
399,2
147,2
65,2
160,0
53,0
175,0
96,2
4,1
22,1
46,1
1,2
7,1
6,1
3,1
1,1
7,0
4446,1
1816,2
1694,2
62,2
633,2
867,2
402,1
851,2
30,2
212,2
302,2
56,2
9,0
121,0
57,2
34,0
75,2
33,2
51,0
57,1
538,0
246,2
403,2
187,2
200,1
26,1
30,0
12,2
9,2
34,2
2368,2
147,2
476,2
21,2
4,1
4,2
5,2
0,2
10,1
4,2
922,2
737,0
891,1
436,2
377,1
199,2
160,0
181,0
201,1
50,0
4632,1
206,0
217,0
319,0
19,1
4640,0
19,1
9,2
33,1
23,1
104,2
526,0
150,1
19,0
62,0
8,1
53,0
0,1
25,1
11,2
0,1
0,0
0,1
0,0
0,1
2149,2
216,2
2551,1
168,2
2094,1
360,2
107,2
472,1
527,1
3323,2
4,1
0,2
6,1
7,1
1,0
0,1
3,1
2,0
0,2
1075,2
103,2
29,2
23,2
13,2
1367,2
19,2
6,2
43,2
6,2
37,2
3,2
9,2
17,2
24,1
0,0
0,1
1,2
5,0
1,0
0,2
2747,2
10141,2
694,2
383,2
328,2
34,2
6061,2
160,2
61,1
18,2
214,0
49,0
133,1
163,0
30,1
37,2
622,0
166,2
67,1
18,0
247,0
171,1
22,0
116,2
124,2
33,1
40,1
84,1
73,2
2,2
15106,2
2958,2
1046,2
601,2
569,2
9348,2
816,2
170,1
327,2
54,1
2506,1
183,0
253,2
468,2
89,2
171,0
168,2
24,2
82,2
1861,2
137,2
115,2
59,2
172,2
57,2
7,2
81,2
7,2
0,2
4,0
12,2
52,2
14,2
21,2
24,2
5,0
9,0
1,2
28,1
6,2
19,2
20,2
6,1
2,1
71,1
1,0
12,2
3,2
4,0
1,2
516,2
296,2
184,2
263,2
261,1
31,2
164,2
42,0
161,2
31,1
3,2
1,1
5,1
16,2
6,2
4,2
0,2
0,2
19,2
1,2
1419,2
927,2
634,2
177,2
666,2
236,2
615,2
211,2
386,2
138,2
10597,1
23,1
25,2
26,2
6,2
16250,1
8,2
7,2
3,2
2,2
1384,0
134,0
774,2
389,0
2105,0
603,2
465,1
306,2
71,2
70,1
7279,1
2797,2
4,2
6596,1
1516,2
360,2
484,2
0,2
36,2
3855,1
2925,2
1307,2
2239,2
635,2
193,2
710,2
300,2
250,2
165,2
158,2
46,2
2,2
1,2
5,2
55,2
3,2
4,2
6,2
3,2
16,2
20076,1
332,2
807,2
122,1
414,2
13732,2
719,2
130,2
165,2
87,2
54999,0
1424,2
515,1
347,2
41,1
101501,0
20,0
18,1
40,2
30,0
9396,0
3909,1
4774,1
861,2
491,2
25701,2
1884,0
332,2
198,2
550,2
32,1
38,2
15,2
14,2
7,2
4,2
2,2
25,1
14,2
4,0
1829,2
52,2
54,2
14,2
967,1
14,2
5,1
202,2
7,1
2315,2
2307,0
978,1
544,2
505,0
271,0
134,1
870,0
712,1
61,2
20,1
24,2
1926,2
213,0
2235,0
326,1
138,2
106,2
682,0
343,2
158,2
1702,2
2064,0
740,2
1004,2
1951,1
663,1
493,1
287,1
263,0
400,2
76769,1
48,0
4,0
8,2
5,2
3236,1
5,2
4,2
4,2
1,2
885,2
368,2
153,2
2517,1
18,2
196,2
0,2
124,0
2,2
16,2
14917,2
405,2
183,2
413,2
5,2
3288,2
3,1
107,2
66,2
146,2
2440,2
2438,2
113,2
25,1
13,1
8,1
1184,1
6,2
1,1
0,1
4868,1
351,2
94,2
141,2
111,0
3049,1
18,2
48,2
42,0
11,2
10,1
2,1
4,2
7,2
6,0
6,1
3,2
3,1
3,1
0,1
38068,2
258,1
292,2
263,2
357,2
4520,1
88,2
57,2
63,2
13,2
5490,1
2765,1
17,2
6,2
36,2
2555,2
2,2
10,2
3,2
2,2
2926,2
36,2
18,2
5,2
13,2
35,2
3,1
7,1
1,1
2,0
3,1
13,2
1,2
1,1
0,2
0,1
0,0
0,2
0,1
0,2
77,2
49,2
21,2
12,2
12,2
1,2
10,2
9,2
5,2
2,1
44924,2
1949,2
30,1
486,2
182,1
10485,1
103,2
138,2
76,2
25,2
5438,2
613,2
378,2
476,2
75,1
1341,2
139,2
11,2
40,2
30,2
34,0
423,2
152,2
93,0
26,2
69,2
18,1
57,1
16,2
6,1
16,1
0,2
1,2
1,2
10,2
1,2
0,2
1,1
0,2
2,2
2458,2
1763,2
914,2
1098,2
608,2
768,2
558,2
422,2
151,2
159,2
4,2
4,1
2,1
0,2
8,2
0,2
31,2
0,2
0,2
9,2
319,0
13,0
22,2
3,0
36,1
78,2
0,2
22,1
2,1
3,1
17,2
1,2
6,2
1,2
5,2
21,2
84,0
3,2
7,2
34,2
1037,2
246,1
849,2
533,2
199,2
607,2
399,2
247,2
199,2
93,2
16,2
2,2
5,2
9,2
3,1
1,2
0,0
0,2
0,2
0,0
9705,2
12920,2
298,0
141,2
12,1
33,2
5551,2
3,2
3,2
2,2
680,1
118,2
72,2
26,2
44,2
58,1
16,2
15,2
31,2
11,2
5636,2
2835,2
732,1
330,1
318,0
148,0
2727,1
303,0
206,0
108,1
148,0
8,2
9,1
18,2
8,1
2,0
10,2
1,1
8,2
9,2
33,2
30,2
41,2
14,2
22,2
5,2
6,2
64,2
9,0
5,2
62,2
517,2
375,1
134,2
117,2
22,2
6,2
0,2
30,2
55,2
397,2
8,1
20,1
5,2
0,1
17,2
15,1
9,1
3,2
2,1
128,0
1803,2
1814,1
327,2
682,2
226,2
99,2
138,2
36,2
175,0
2143,0
4831,0
663,2
688,0
51,0
5447,1
284,1
101,2
36,1
240,0
300,2
97,2
161,2
151,2
37,2
26,2
13,2
15,2
37,2
8,2
11856,2
145,2
92,2
32,2
1,2
9202,2
2,2
4,2
0,2
0,2
1,2
2,1
1,2
2,1
1,2
1,1
0,1
3,0
0,0
9846,1
19967,0
112,2
3,2
1,2
1,1
2333,2
45,2
37,2
1,2
1,1
3,2
1,2
2,1
2,2
2,2
1,2
2,2
3,2
4,1
4426,1
101,2
73,1
11,2
3,2
8451,2
31,2
25,1
25,2
52,1
3979,1
2739,2
232,2
37,2
49,1
47,2
9528,2
0,2
25,2
49,2
37,2
157,2
42,1
92,2
96,2
430,2
143,2
19,2
86,2
3,2
16,2
4,2
69,1
71,2
25,2
9,1
6,2
6,1
6,2
8,2
13,2
6,2
27,2
49,1
13,2
2,2
6,2
1,1
1,2
23,2
169,2
164,2
12,2
30,2
36,2
8,2
85,2
10,2
8,2
9,2
19,2
21,2
18,1
29,2
218,2
49,2
88,2
47,2
5,2
18,2
109,1
90,2
292,2
227,0
13,2
9,1
153,0
18,2
25,2
5,2
925,2
784,2
421,1
116,0
215,2
10028,1
18,2
149,2
53,2
107,2
1,1
6,2
433,2
569,1
10,1
277,2
5,2
30,2
95,2
26,2
23,2
1,2
0,1
62,1
120,1
17,2
11,2
2,2
24,2
3,2
4,2
3,2
0,2
3,2
38,2
40,0
58,2
36,2
5,2
6,2
9,2
10,2
1,2
439,2
118,2
156,0
42,2
75,2
231,2
501,0
77,2
22,0
134,0
28,0
27,2
66,2
65,2
10,0
41,1
7,0
8,0
5,1
25,0
207,2
41,2
25,2
1,2
61,2
17,2
1,2
247,2
32,1
0,2
85,2
1644,1
271,2
7,1
28,2
3,2
7,1
0,2
0,2
3,2
41,2
212,2
213,1
154,1
18,2
162,2
2,2
27,2
64,1
43,0
50,2
1348,2
143,2
706,2
10,2
77,2
9,2
124,2
40,2
23,2
67,1
57,2
31,0
14,2
87,0
69,0
0,1
56,1
6,0
102,1
528,2
608,0
118,0
50,1
400,0
70,2
199,0
298,2
26,2
2,2
119,1
10,1
4,2
37,2
5,2
4,1
3,2
0,2
3,2
0,2
3113,2
7,2
24,2
11,2
11,2
6556,2
4,1
3,2
11,2
5,2
1049,0
3160,2
380,2
285,2
824,2
35,2
9,2
27,2
207,0
330,2
154,2
24,2
77,2
60,2
87,1
5,2
8,2
10,2
5,2
4,2
2,2
0,1
1,2
2,1
1,2
233,2
32,2
326,2
130,2
387,2
203,2
34,2
16,2
648,1
484,2
92,2
1061,2
27,2
23,2
54,2
62,2
228,2
29,2
12,2
146,2
335,2
6656,2
756,1
191,2
1938,1
96,2
486,2
32,1
196,2
36,2
226,1
86,1
60,1
54,2
18,2
306,2
53,1
11,1
5,1
23,1
42,0
38,1
43,0
61,0
36,0
14,2
62,0
13,0
23,1
17,0
23,2
288,2
154,2
21,2
35,2
53,2
96,2
12,2
18,2
3,2
2,1
1,2
1,1
2,1
0,2
0,1
0,1
0,1
1,0
0,1
52,1
228,1
226,2
283,1
226,1
286,1
237,1
229,2
330,0
226,0
58,0
109,0
151,0
67,0
114,0
78,0
23,0
141,0
82,2
54,0
0,1
0,1
0,2
1,1
0,1
0,1
0,1
0,1
0,2
0,1
852,0
43,2
37,2
45,0
28,0
39,0
30,2
8,1
288,0
33,2
946,2
640,1
110,2
11,2
262,2
62,2
65,2
0,2
32,2
84,2
0,1
1,1
0,1
0,1
2,1
0,1
1,1
2,1
0,1
2,1
20,2
24,2
69,1
17,2
7,2
23,2
16,0
53,1
2,1
2,1
462,2
36,2
162,2
52,2
28,2
26,2
18,2
5,2
1,2
2,2
1913,0
101,2
170,0
295,2
87,0
164,2
12,2
5,2
77,2
212,1
69,0
23,0
8,0
12,0
13,0
9,0
6,1
5,1
2,1
4,0
2165,2
465,2
11,2
21,2
7,2
1091,2
75,2
10,2
140,2
13,2
388,2
5,2
39,0
206,0
38,1
111,1
15,2
109,2
159,2
114,2
53,2
9,2
2,2
2,0
0,2
2,1
2,2
3,2
0,2
2,2
184,2
5493,2
497,2
2912,0
798,2
176,2
412,2
250,2
304,0
567,0
258,1
82,2
102,2
14,2
27,2
11,2
8,2
22,2
19,2
5,2
10443,1
1113,2
316,2
1708,1
503,1
122,0
631,2
5,2
17,2
40,2
822,1
574,2
305,1
54,2
1,2
273,2
0,2
5,2
38,2
12,2
552,1
517,2
78,2
37,2
48,2
14,2
22,2
8,2
28,2
12,2
84,1
1204,1
6,2
6,2
1,2
9,2
941,2
2,2
2,2
1,2
983,2
188,2
158,2
143,2
195,2
50,2
50,2
51,2
61,2
20,2
155,1
1264,2
614,2
30,2
149,2
45,2
43,2
128,2
10,2
45,2
35,1
2,2
0,2
3,2
0,2
1,2
4,2
1,2
1,2
0,2
16,2
33,2
1,2
1,2
4,2
1,2
3,2
0,2
14,1
7,2
145,2
722,2
72,2
117,1
46,2
25,2
342,2
11,2
21,2
2,2
757,2
95,2
239,2
8,2
103,2
46,2
0,2
17,2
22,2
43,0
1675,2
4794,1
18,2
38,2
62,2
9,2
4384,2
7,2
5,2
4,2
53,1
528,1
49,2
129,2
45,2
2,2
11,2
9,2
2,2
7,2
707,2
22,0
281,2
65,1
163,2
139,2
104,2
63,2
31,2
48,0
377,2
1015,2
43,2
35,2
4,2
4,2
377,2
6,2
4,2
5,2
441,2
11390,0
651,0
180,2
100,2
20,2
3464,2
5,2
11,2
60,2
2970,1
75271,2
11,2
19,2
4,1
65,2
2306,2
9,1
0,2
35,2
18081,1
238,2
285,2
71,2
10,2
23485,1
49,1
19,1
6,2
2,1
206,1
3228,2
61,2
27,1
26,2
11,2
405,2
8,2
11,2
0,2
233,2
25,2
8,1
5,2
272,2
15,2
1,2
0,2
3,2
1,2
9918,2
2367,2
369,2
1109,2
321,2
24125,1
66,2
113,2
149,2
24,2
6103,2
35,1
41,2
48,1
15,2
1884,1
1,2
0,2
0,1
1,1
5316,2
2854,1
38,2
31,2
281,2
2361,2
26,2
17,2
8,2
8,2
1681,0
183,2
44,1
48,1
1418,1
13,1
40,2
17,2
5,2
324,1
24,2
2,1
2,2
9,2
0,2
25,2
2,2
6,1
6,1
0,2
44,2
24,2
2,2
87,2
2,2
17,2
269,2
28,2
0,2
3,2
31,1
45,2
44,2
14,2
15,2
5,2
3,2
7,2
3,2
2,2
938,1
409,2
511,0
322,1
134,1
125,0
44,2
32,2
40,2
20,0
25,1
85,2
111,2
1,2
3,2
1,2
17,2
5,0
1,2
0,2
688,1
2200,2
424,1
211,2
119,2
37,2
2307,0
12,2
120,2
8,2
113,1
2799,1
280,1
54,2
28,2
111,2
1317,0
20,2
202,2
3,2
52,2
3,2
2,2
11,2
4,2
5,2
1,2
1,2
1,2
2,2
682,1
2105,1
2262,0
1263,2
69,2
1109,2
215,2
3,2
100,2
38,1
1559,0
134,2
558,2
389,0
10,2
80,2
99,2
6,2
1,2
1,2
14547,2
220,2
162,2
1133,1
548,2
11677,2
342,2
243,2
642,2
29,1
18,2
2,2
1,1
1,2
0,2
4,1
2,2
1,2
1,2
5,2
954,2
211,2
131,2
76,2
61,2
56,2
71,2
30,2
86,2
66,2
524,1
5749,2
2508,2
1032,2
934,2
1034,2
10814,2
9,2
91,2
363,2
72,1
2119,0
496,2
812,2
328,2
569,2
112,2
10,1
69,2
72,2
698,1
265,2
393,1
11,2
6,2
12,2
331,2
5,2
2,2
3,2
1004,2
206,1
16,2
75,2
7,2
592,2
12,2
2,2
7,2
17,1
3167,1
61139,2
638,0
5,2
451,2
14,2
15363,1
131,2
23,2
26,2
57,1
141,2
73,2
213,2
61,2
13,2
19,2
14,2
4,2
31,2
3369,2
13827,1
115,2
682,2
166,2
131,2
3784,0
19,2
20,2
1,2
612,1
45,1
414,1
9,2
11,0
44,1
93,2
33,1
4,2
93,2
50082,2
17363,1
96,1
913,2
1254,2
223,1
22402,0
690,1
81,2
28,1
1106,2
8112,1
9,2
32,2
24,2
13,2
5904,2
9,1
6,2
4,2
69,0
1,1
0,1
0,2
0,1
16,2
0,2
0,2
2,1
4,2
17755,1
59,2
0,2
0,1
4,0
415,2
0,1
1,2
2,2
0,2
88,1
16,1
13,2
50,1
51,1
31,2
52,2
141,1
35,1
20,2
0,0
2,0
6,2
5,0
10,1
0,0
0,1
1,1
3,2
6,2
4,2
2,2
4,2
2,2
5,2
0,2
1,2
3,2
1,2
11,2
77,2
19,2
16,1
37,0
62,0
2,0
3,0
9,2
6,0
11,0
0,0
2,0
0,1
0,0
1,0
0,1
0,1
2,2
3,2
2,0
1,1
16,1
3,0
2,2
1,0
98,2
10,0
5,1
4,0
2,1
8,1
3,0
26,2
13,0
2,1
0,1
0,1
0,1
11,1
90,0
25,0
63,1
31,1
42,1
2,1
6,0
5,2
2,0
0,2
1,0
2,0
3,0
5,1
3,0
0,1
1,2
2,0
0,2
0,1
0,2
0,1
0,2
28,0
12,0
3,0
7,0
9,0
4,1
19,1
3,0
7,1
10,0
85,2
68,0
4,2
21,2
0,0
21,1
12,2
0,2
1,1
732,2
1,2
7,2
163,2
106,2
1080,1
81,2
0,2
5,2
28,2
0,1
293,2
42,2
900,0
207,0
5,2
68,1
28,2
58,2
8,1
3452,2
340,2
265,1
51,1
51,2
15,2
3,2
3,2
1,2
51,1
11,2
50,0
46,1
61,2
25,2
0,2
1,2
1,0
72,2
67,0
37,2
3,1
8,0
3,0
0,0
1,1
0,2
0,1
2,1
40,2
1,0
0,1
45,2
0,2
5,0
0,0
8,2
0,2
0,2
380,2
103,2
128,2
184,2
533,2
433,2
50,0
396,0
317,2
33,2
2,1
4294,2
3979,2
3822,1
1395,0
3364,1
4713,0
1114,2
774,2
921,0
2929,2
3,1
4,2
0,0
10,0
2,1
0,1
0,0
24,2
3,1
1,1
0,1
0,1
2,1
0,0
0,1
0,0
106,1
117,1
11,2
223,2
41,0
39,2
206,1
107,1
342,0
104,2
12,2
11,2
11,2
17,2
12,2
16,2
12,2
12,2
11,1
11,1
184,2
408,2
4,2
97,2
273,2
149,2
114,2
200,2
553,1
50,2
53,2
38,2
926,1
91,2
43,1
37,1
116,2
48,2
17,2
33,1
167,1
58,0
68,1
39,1
39,0
71,1
3,1
4,1
1,0
6,1
248,0
102,2
56,2
96,0
96,0
8,0
52,2
56,1
0,2
2,1
121,2
70,2
92,2
33,2
7,2
7,2
19,2
9,2
17,2
5,2
5,2
0,2
2,1
1,1
403,1
61,1
28,2
55,2
29,1
4,0
2,2
3,0
1,2
1,0
276,1
16,2
139,2
6,2
2,2
8,2
7,2
7,2
16,2
4,2
16,1
7,1
4,1
6,1
0,1
1,1
0,1
1,1
28,1
2,1
169,1
1879,0
312,2
547,2
1070,0
514,1
220,1
41,1
168,2
27,2
1185,2
951,0
1237,1
1929,1
388,2
440,2
538,2
286,2
649,0
566,1
6,1
7,2
7,2
4,2
3,2
5,0
1,2
3,1
4,0
1,1
2336,2
1385,0
152,0
49,0
190,0
57,0
19,0
18,0
20,0
23,0
30,0
16,2
107,2
6,0
16,2
73,2
5,2
7,2
3,0
8,2
2,1
0,2
1,2
1,2
2,2
3,2
1,1
1,1
2,1
3,2
0,2
0,1
0,1
0,2
0,1
357,2
328,0
1888,2
934,0
1638,2
700,0
77,0
204,0
450,2
39,1
50,2
222,2
98,2
117,2
46,2
39,2
23,2
8,2
4,2
35,2
4,1
110,0
10,2
7,2
5,1
2,1
2,1
32,1
1,2
4,2
9,1
12,1
4,2
4,0
3,2
2,2
6,1
2,2
2,2
4,0
0,1
0,2
0,1
0,2
40,0
19,1
1,2
4,2
7,0
0,2
0,1
20,2
18,2
30,1
143,2
86,2
84,1
0,2
0,2
8,2
4,2
0,2
6,1
3,2
2,2
2,0
6,1
2,2
3,2
81,0
70,0
74,1
95,2
43,2
21,1
221,0
153,1
83,1
27,1
128,2
83,1
102,2
162,2
112,2
0,2
0,1
0,2
1,2
1,2
2,2
1,2
3,0
1,2
1,2
7,1
368,2
153,2
144,2
185,2
30,2
118,2
202,2
27,2
318,2
70,1
6,2
3,2
0,2
2,2
2,1
0,2
0,1
0,2
0,2
0,1
3,1
0,2
0,2
0,2
0,2
0,2
0,2
6,2
36,0
2,0
1,2
1,2
3,1
2,1
1,0
1,2
54,1
43,2
1,2
1,2
0,1
0,2
1,2
0,2
0,2
24,1
40,0
2,0
10,2
2,2
2,0
7,1
0,0
1,0
0,2
4,2
1,2
1,2
2,2
1,2
0,2
2,2
0,2
4,1
23,2
5,1
2,1
1,1
0,2
1,1
1,2
0,1
7,2
3,2
3,0
11,2
3,2
0,1
1,2
0,1
7,1
209,2
0,2
296,1
2,1
29,2
13,2
5,0
0,2
4,1
0,0
3,2
8,1
0,2
1611,1
541,2
259,2
91,1
20,2
1831,2
15,2
7,1
12,1
7,2
86,0
231,2
343,1
31,2
14,2
0,1
1,2
0,2
82,2
19,2
1,2
1,2
1,2
39,2
0,2
0,2
0,2
0,2
50,2
10,2
1,0
0,1
0,2
0,1
0,0
0,1
0,0
2,1
1,2
13,2
5,1
1,0
1,2
8,2
74,0
2,2
12,2
66,0
1,2
8,0
0,2
1,2
3,2
1,1
4,1
0,2
0,2
0,1
0,1
0,2
0,1
7,1
0,1
0,2
4,2
0,2
1,2
0,2
1,1
1,2
0,2
0,1
3,1
5,1
32,2
1,2
3,0
12,2
0,2
6,0
0,2
4,1
17,1
73,2
5,2
38,1
5,2
1,2
0,2
5,2
1,2
4,2
16,1
62,2
13,2
7,0
3,1
2,0
4,2
2,0
0,2
4,2
0,2
11,1
0,1
0,1
0,1
0,1
0,1
0,2
1,1
0,1
5,0
7,0
3,2
3,0
0,1
0,1
3,1
2,0
100,2
7,2
0,1
2,1
1,2
28,0
26,2
90,2
23,1
60,1
225,1
92,2
18,2
57,2
35,2
52,1
65,2
4,2
5,2
11,1
6,1
13,2
0,2
0,2
0,1
4,2
0,2
7,2
7,2
7,2
6,2
4,2
2,2
4,1
4,1
0,2
2,2
0,2
0,2
0,2
0,1
0,2
0,2
0,1
35,2
68,2
3,1
0,1
2,2
2,2
0,0
2,2
0,2
0,1
0,0
54,2
157,1
13,2
0,2
1,2
2,2
0,2
1,2
0,1
5,1
98,0
83,2
33,2
45,2
39,2
71,0
7,2
24,2
80,1
134,0
76,1
191,2
89,2
4,2
28,2
24,1
119,1
2,2
2,2
3,2
4,2
5,2
3,1
3,2
3,2
3,1
0,2
2,1
2,1
0,2
1,1
2,1
2,0
0,1
1,1
0,2
3,1
1,1
9,1
8,1
15,1
1,2
4,1
1,1
0,2
15,2
16,1
54,1
2,1
18,1
2,1
1,1
0,1
0,0
1,2
2409,1
2,1
1,0
15,1
1,2
5403,1
2,0
2,1
0,1
3,2
1548,2
1094,2
112,0
0,2
3,2
0,1
7,1
1,2
16,2
827,2
12289,1
33187,2
453,1
157,2
28,2
6,1
18389,1
117,2
37,2
2,2
137,2
444,1
57,2
21,0
92,2
27,2
7,2
17,2
18,2
417,2
859,1
1604,2
109,2
1949,2
626,2
13,2
17,0
362,2
141,2
230,2
124,2
21,2
98,1
10,2
113,2
9,2
18,2
18,2
2,2
7,2
6071,0
1090,0
1,2
177,1
0,2
348,2
2,1
26,1
0,2
68,2
1364,1
22,1
7,0
24,2
0,2
88,1
24,0
13,0
8,1
5,1
9846,1
19967,0
112,2
3,2
1,2
1,1
2333,2
45,2
37,2
1,2
310,1
63,2
5,2
0,2
3,1
99,2
0,2
0,1
46,2
0,2
1,2
2,2
2,2
0,2
0,2
0,1
0,1
0,2
4,0
0,1
343,2
116,2
16,2
7,2
0,2
391,1
7,2
4,2
4,2
2,2
525,2
23,2
231,2
2,2
15,1
21,2
20,2
14,2
40,2
1,2
454,2
42,2
1,1
0,2
1,2
8,2
13,2
0,1
3,1
0,2
1077,2
2,2
138,1
90,2
2,1
3,1
61,1
24,2
5,2
21,2
136,2
35,2
51,0
63,1
180,2
5,2
57,2
45,2
3,2
5,2
637,2
1955,1
317,0
0,2
0,1
2,2
32,2
12,2
0,2
1,2
131,1
168,2
200,2
1907,0
429,0
7,1
0,2
2,1
23,1
0,1
3893,1
493,2
303,0
90,2
72,2
1411,2
32,2
15,0
24,0
14,0
2870,2
6182,1
2,0
5,1
122,2
50,0
1119,1
2,1
0,1
47,0
793,1
14,2
123,0
4,2
22,2
72,2
7,0
72,2
20,0
19,2
640,2
4802,2
0,1
135,1
0,1
1,1
6,2
0,2
0,0
0,2
163,2
20,2
1,2
40,2
7,2
39,2
28,2
4,2
0,2
0,2
103,2
124,2
17,2
78,1
199,0
3,2
5,2
2,2
0,2
4,1
1712,1
801,1
0,2
0,2
3,1
0,1
79,1
0,0
1,1
0,1
1009,2
19,2
9,2
212,1
17,1
5,0
19,2
3,0
38,0
621,2
56,2
261,1
0,2
4,0
2,2
597,1
9,2
0,1
0,2
0,1
1791,1
1451,2
304,1
17,2
18,2
67,2
811,1
5,2
12,0
431,1
368,2
117,1
18,0
3,1
8,2
3059,1
1,2
11,0
10,2
5,1
590,1
790,1
2,2
147,2
1,2
5,1
0,2
0,0
12,2
11,2
14852,1
111,1
167,1
47,0
67,0
2573,1
0,1
4,1
1,1
0,2
527,1
1718,2
109,2
6,2
9,2
2,2
33,2
4,2
1,2
2,2
2,2
1,2
6,2
2,2
2,1
5,2
4,1
4,2
1,2
0,2
3,2
1,1
1,1
1,1
4,1
4,1
1,1
2,1
1,1
1,1
1823,1
194,1
90,2
0,1
11,1
1,2
1,0
0,0
522,1
1,2
70,1
30,2
2,2
1,2
91,0
45,1
10,2
12,1
0,1
1,1
4640,1
64,2
74,2
9,2
40,2
1273,2
6,2
2,2
0,2
14,1
0,2
8,0
0,2
0,0
1,2
0,0
0,1
0,0
1,1
0,1
4403,0
10,1
49,1
52,1
18,2
674,1
13,1
5,0
1,2
1,2
1,1
1,1
0,1
2,2
1,1
1,1
1,2
0,1
8,1
1,1
7,1
6,2
1,2
24,2
0,2
30,2
1,1
0,2
4,1
2,2
620,1
164,1
40,0
29,1
66,0
9,2
1,2
7,0
5,2
6,2
7087,2
14945,0
3775,0
1906,0
0,2
0,1
24053,0
0,0
3,0
0,2
7589,0
3574,2
56,2
5,2
3,2
18,2
3706,0
3,2
13,2
1,2
30208,2
402,2
400,2
39,1
67,2
6817,2
67,2
16,1
62,1
0,1
2172,0
2,2
227,2
7,2
126,0
0,2
26,2
142,1
10,1
2,2
6,0
19762,2
225,0
528,2
773,2
34,2
2754,1
102,2
275,2
31,1
108,2
126,1
21,2
5,2
33,2
13,2
14,2
31,2
4,2
3,2
6636,1
4765,2
6707,2
2245,2
2035,0
1175,2
2728,2
4647,1
1093,2
468,2
871,0
1442,0
520,2
732,2
487,2
186,2
133,2
139,1
55,2
79,1
193,2
131,2
44,2
152,2
112,2
94,1
62,2
58,2
115,2
8,2
206,1
198,1
89,2
113,1
6,0
11,2
30,2
2,1
9,1
2,0
13,2
34,2
24,2
10,1
4,1
27,1
45,1
27,2
47,2
3,2
273,1
219,0
1254,2
828,1
206,0
132,1
485,0
266,0
61,2
123,2
15,2
0,1
0,1
1,2
9,2
4,2
1,2
6,1
5,2
169,2
233,1
459,1
47,1
23,1
27,2
183,1
28,1
81,1
6,2
27,1
5834,1
314,1
520,1
1278,0
9933,0
1448,2
76,2
164,2
90,2
11098,1
2,2
72,2
22,2
20,2
17,2
36,2
17,2
3,1
12,2
3,2
4359,1
7,1
6,1
221,2
1,2
21,0
24,2
17,1
4,2
3,2
4794,2
580,2
685,1
262,1
9561,2
85,2
20,2
6,2
46,1
1757,2
14401,2
10190,2
3522,1
505,0
1821,2
477,2
329,2
6,2
5009,2
536,0
0,2
3,1
0,1
0,2
3,1
0,1
2,2
3,1
0,2
0,2
0,1
0,1
6,0
0,0
2,1
4,2
8,2
0,0
1,0
3,2
4,2
0,2
29,2
58,2
1,2
5,2
1,2
2,2
15,2
105,2
14,1
8,1
15,2
4,2
7,2
11,2
53,1
6,2
3,1
1287,2
746,0
614,2
134,2
364,2
241,2
99,1
221,1
298,2
4,1
1203,2
17162,1
2759,2
152,2
33,2
45,2
17,2
46,2
22,2
32,2
359,2
51,2
69,0
244,2
84,2
324,1
2,2
195,1
749,1
10,2
24,1
12,1
13,1
2,2
7,1
2,1
2,1
0,1
20,1
1,2
28,2
3,2
3,2
3,2
0,2
3,2
2,1
7,0
231,0
110,1
46,2
248,1
50,2
68,2
53,2
3,2
27,2
2,2
18,2
0,2
12,2
22,1
0,0
3,1
3,2
11,2
54,1
3,1
17,2
12,2
5,2
0,2
15,2
4,2
3,1
0,0
1,2
0,2
176,2
102,2
53,2
141,1
14,1
0,1
42,2
1,2
12,2
29,1
213,2
367,0
19,1
70,2
182,0
18,0
227,0
8,0
13,2
3,2
5079,1
2517,1
766,2
770,1
217,0
1615,1
224,0
360,2
153,2
12,0
18892,0
664,2
268,2
35,2
5,2
4064,0
4,2
5,1
4,2
5,2
5,2
6,2
0,2
2,2
6,1
1,2
1,2
1,2
0,2
5,1
337,2
7,2
15,2
12,2
12,2
7,2
98,2
10,2
10,2
5,2
10,2
0,2
5,1
3,2
6,2
2,0
1,1
0,2
3,1
8,1
396,2
250,2
49,1
93,2
108,2
89,2
21,0
5,2
54,2
54,1
1449,2
99,2
1404,2
581,2
410,2
445,2
177,2
307,2
379,2
294,2
355,2
140,2
441,2
375,2
179,1
66,1
500,1
111,2
12,2
56,2
2,2
4,1
3,2
0,1
0,1
0,2
0,2
3,1
1,1
2,1
4251,2
11840,1
449,0
589,0
20,2
51,2
18160,0
83,0
112,0
2,2
2,2
1,0
0,2
3,0
21,1
1,1
4,1
0,2
0,2
0,2
959,1
547,2
256,0
249,2
173,2
123,1
266,1
261,1
25,0
69,1
23587,2
12061,2
9285,2
7889,1
9887,2
3594,0
4665,1
5342,2
9190,1
1902,0
4309,0
3705,0
4236,0
1198,1
5775,1
391,1
2680,2
85,2
3135,1
58,1
645,1
1040,2
290,1
41,0
233,0
42,2
60,1
8,2
80,2
6,2
25620,0
6179,1
2524,2
2930,0
3317,1
609,2
264,1
79,0
466,1
4194,2
1993,1
5289,2
1283,2
30,1
862,1
34,2
23009,2
19,1
27,0
68,2
18142,1
23893,1
1565,1
957,1
436,2
85,1
14030,2
76,2
89,1
21,2
0,2
0,2
0,2
0,2
0,2
0,2
0,2
2,2
0,2
1,1
1,2
0,2
2,1
0,2
0,2
0,2
0,2
1,1
0,1
0,2
11,2
4,2
8,1
1,2
1,2
4,1
5,0
1,2
5,2
1,1
51,0
17,2
15,2
6,2
2,0
8,2
2,2
3,2
5,2
12,2
155,2
62,2
24,2
38,2
121,2
75,2
45,1
11,2
11,2
29,2
105,2
30,2
11,2
18,1
68,2
248,2
2,2
4,1
3,2
3,2
207,2
92,2
47,2
13,2
4,2
10,2
26,1
4,2
12,2
15,2
187,1
186,2
383,0
67,1
38,2
6,0
5,2
32,2
0,1
1,2
0,1
3,1
0,1
3,1
1,1
0,1
1,1
0,1
0,1
0,2
5,1
0,1
0,1
0,1
0,1
3,1
0,1
1,1
1,1
1,1
35,1
3,1
8,0
4,0
4,0
1,0
0,1
4,0
9,1
2,0
1,2
7,2
0,2
3,1
0,1
0,2
1,1
0,1
0,2
0,2
32,2
157,2
79,2
301,2
2,1
2,2
2,0
10,1
14,1
1,2
53,2
11,1
8,1
9,2
7,2
3,2
4,1
1,2
3,2
1,2
83,2
32,2
12,2
4,2
11,2
1,2
2,0
11,2
1,2
0,2
12580,1
476,2
298,2
103,2
1,2
2836,2
26,2
0,1
4,2
6,2
181,0
132,2
34,2
83,0
21,2
8,2
10,2
2,0
7,2
2,2
5,0
8,0
4,2
1,2
0,0
0,1
2,0
14,1
1,1
11,1
6480,2
556,2
547,2
75,0
71,2
38651,1
131,1
35,2
3,2
2,2
68,2
503,2
126,2
21,2
13,2
36,0
6,0
5,2
5,2
8,2
111,1
41,2
16,1
65,2
1,2
30,0
4,2
7,2
14,1
13,1
2,2
12,0
43,1
15,0
27,1
82,2
6,0
13,0
19,1
2,0
171,2
11,2
66,2
7,2
7,2
19,2
0,2
15,2
6,2
7,2
735,1
71,2
24,2
436,2
163,2
61,1
16,2
33,2
63,2
83,2
41,2
63,2
3,2
288,2
6,1
15,0
14,1
3,1
25,1
10,2
108,2
137,2
4,2
1,2
0,2
0,2
0,2
0,2
0,2
0,2
5,2
8,2
7,2
14,2
6,2
1,2
2,0
4,2
4,1
0,2
24299,2
472,1
28,2
13,2
14,2
2959,2
7,2
7,1
2,2
18,2
21,1
0,2
2,2
192,2
197,2
21,1
27,0
0,2
2,0
3,1
1214,2
1916,1
72,1
931,2
285,0
89,2
43,0
32,1
1635,2
148,2
94,2
4,0
51,0
15,0
14,1
68,2
0,2
2,0
11,0
21,1
60,2
15,2
129,0
6,2
3,2
11,2
3,2
33,2
0,2
10,2
1961,1
409,2
694,2
109,1
24,2
105,2
5,1
22,2
104,2
0,2
112,0
224,2
143,2
194,1
62,1
110,2
8,0
1,1
95,0
0,2
41,1
20,1
20,2
20,1
22,1
11,1
60,2
12,1
8,1
4,1
3853,1
24316,2
5,2
73,0
31,2
4,2
3837,0
8,1
0,2
3,2
37,0
40,2
10,1
2,2
42,1
0,2
0,1
25,2
0,1
0,2
398,0
4,2
7,1
9,0
44,2
1,2
16,1
2,2
0,2
0,2
88,1
4,2
36,0
15,1
10,0
2,2
4,1
3,2
1,0
1,0
44,0
4,1
47,0
8,1
27,1
13,2
48,2
5,1
22,2
9,2
4,2
672,2
1025,0
320,2
95,1
75,2
168,2
79,0
44,1
133,1
30,1
18,2
17,1
9,2
3,1
4,1
7,1
14,1
0,1
18,2
13,2
57,2
32,2
6,2
6,2
1,0
7,0
4,2
2,2
6,0
7,1
15,1
29,1
4,0
3,0
17,0
6,1
2,2
7,2
2,0
6478,2
218,2
321,1
38,2
430,0
1162,2
44,1
12,0
41,2
0,1
1415,0
7,0
16,1
33,2
6,2
4498,1
6,0
4,1
4,0
2,1
26501,2
1958,2
1228,2
979,2
820,2
50667,2
288,2
270,2
82,2
28,2
2011,2
1963,2
1090,0
172,2
59,2
20,2
790,1
8,2
37,1
29,2
7972,1
3,2
29,1
0,2
8,2
18,1
9,1
14,2
17,2
7,2
3,2
0,2
0,2
0,2
0,2
7,2
0,0
3,1
0,1
0,1
10600,2
793,2
641,1
977,0
62,1
2970,0
15,1
465,1
90,2
11,2
52,1
122,2
4,1
7,2
2,1
125,2
21,2
81,1
65,2
168,2
3458,2
44,2
76,2
34,1
70,1
2525,1
11,2
0,1
2,2
2,2
1070,2
335,2
487,2
6,2
28,2
643,2
26,2
10,2
66,2
6,0
88,2
7,0
2,2
42,2
19,2
20,2
11,2
51,2
17,2
3,2
1198,2
3762,0
237,1
99,1
219,1
3,2
5213,0
32,0
10,1
16,0
7,2
1,2
8,1
1,2
0,2
4,2
4,2
0,2
1,1
0,1
2018,2
8293,1
223,1
79,2
256,2
7,2
1411,2
3,2
1,2
4,2
4048,1
249,0
273,1
79,1
39,1
2783,0
24,0
69,0
41,0
26,0
1478,2
1059,1
11,2
4,2
14,2
2,2
0,2
0,2
0,2
0,2
8762,2
2192,2
71,2
159,2
21,2
2343,2
16,2
31,2
44,2
17,2
47,2
2368,2
885,2
440,0
166,2
82,2
248,2
5,2
84,2
12,1
5284,1
319,1
14,2
35,2
1808,2
2,2
2,2
4,2
5,1
832,2
147,1
12,1
3,2
0,2
1,1
0,2
29,2
4,2
8,2
0,2
10885,1
13979,2
24,1
26,2
135,2
7,0
6218,1
2,1
1,2
27,1
11471,1
12,2
31,2
76,2
162,2
924,0
65,0
28,0
169,0
4,0
30,1
86,2
90,1
120,2
19,1
22,2
138,1
55,0
68,1
25,0
5,2
5,2
16,2
0,2
0,2
6,2
0,1
1,0
5,2
4,0
5,1
2,0
5,1
1,1
0,2
1,2
2,0
1,1
24,0
0,1
839,2
136,1
24,1
4,2
182,1
115,1
148,0
26,1
9,0
445,2
97,1
40,1
30,0
12,1
7,0
15,0
27,0
13,1
15,1
13,2
1483,2
9849,1
331,0
105,2
204,1
23,2
951,0
40,0
9,0
34,0
43,1
3,2
6,1
5,2
1,1
0,2
1,1
1,1
0,2
0,0
16803,0
922,2
1533,1
185,2
103,2
10485,1
133,2
50,2
52,2
113,2
20096,1
2962,0
358,2
203,0
186,1
39,1
1204,0
3,0
5,0
1,1
713,1
397,1
461,0
301,0
210,0
61,0
53,2
45,0
35,1
99,1
12,2
3,1
15,0
19,2
3,2
11,2
11,2
1,2
5,0
4,2
766,2
583,2
335,0
187,1
1384,1
40,2
40,2
238,1
65,1
55,1
106,0
47,2
40,2
13,2
17,0
37,0
12,1
2,2
8,2
6,2
1488,1
20,1
18,1
29,1
27,1
87,2
56,1
90,2
42,2
0,2
371,1
442,2
346,2
339,2
36,2
16,2
7,2
4,2
13,2
8,2
42,0
0,1
1,1
2,1
1,2
7,0
1,2
1,2
2,1
2,2
3394,2
2987,2
577,2
408,1
273,2
412,2
262,2
176,1
8,1
699,2
1349,2
73,2
104,2
49,2
79,2
1507,2
364,2
36,2
11,2
14,2
55,2
133,2
45,2
36,2
10,0
6,2
36,2
11,2
5,2
11,2
50,1
10,2
95,2
29,1
5415,0
1,0
8,2
4,2
1,2
4900,1
481,2
4106,0
432,0
108,1
76,0
49,0
4001,0
7,0
77,0
23,0
210,2
2357,0
2016,1
1353,1
1980,1
636,1
284,0
909,0
338,0
327,1
1,1
2,1
2,1
2,0
7,1
2,2
1,2
1,2
0,2
0,2
0,2
0,2
0,2
1,2
10186,2
295,2
14,2
6,2
121,2
8598,2
26,2
20,2
20,2
1,2
1349,2
228,2
119,2
82,2
447,1
197,2
469,2
300,0
27,2
78,2
143,1
1464,2
576,2
152,2
0,2
67,2
31,2
11,2
28,2
75,1
5015,2
9,2
25,2
40,2
24,2
9665,2
2,1
24,2
1,2
5,2
4767,2
1709,1
604,2
1261,2
601,2
1257,2
433,2
658,2
41,0
111,2
621,1
3208,2
636,2
135,2
304,2
3,2
2355,1
62,2
12,2
29,2
266,0
279,0
36,0
116,2
102,0
18,1
54,2
19,1
54,2
89,2
152,2
564,2
14,1
89,2
16,1
37,2
51,2
6,1
0,2
1,2
18,2
5,2
19,2
2,2
4,2
3,2
8,2
2,2
0,2
3,2
374,1
4271,2
349,2
372,2
276,2
313,2
12,2
628,2
8,2
5,2
15595,2
3711,2
2261,2
1739,2
511,1
1956,1
29,1
117,1
338,2
210,2
3034,2
27979,1
2305,2
8884,2
1250,2
2565,2
1816,1
669,2
44,2
85,2
5410,2
1652,1
441,0
281,0
282,0
2073,0
83,2
26,1
203,2
110,0
792,1
5935,2
2826,2
990,2
136,2
36,2
3718,2
36,2
12,2
22,2
8,1
10,1
5,1
3,1
1,2
3,1
1,2
0,2
0,2
1,2
63,1
51,2
73,1
54,2
3,2
3,2
13,2
4,1
3,2
3,2
351,2
60,2
25,2
10,2
61,2
2,2
4,2
71,1
23,2
1,2
1583,1
20356,1
135,2
1046,2
374,2
265,2
8682,2
58,2
13,2
80,2
569,1
1982,2
179,2
490,2
1463,2
405,2
551,2
272,2
292,2
60,1
285,1
768,2
37,1
564,2
453,2
700,2
692,2
673,2
654,2
203,2
12,2
7,2
0,2
4,2
1,2
1,2
2,1
5,1
0,2
4,2
3760,2
458,2
331,0
112,2
20,2
394,2
240,2
54,2
15,2
121,1
1498,1
6322,2
2508,1
1913,0
298,2
134,2
3796,1
179,0
619,2
102,1
1750,2
757,0
89,2
158,2
103,2
1866,2
249,2
368,2
548,2
52,2
36,1
31,2
33,2
233,2
26,2
26,2
24,2
3,2
3,2
35,2
27,1
41,1
22,1
16,0
28,1
43,1
3,1
22,0
33,1
5,1
8,2
12,2
12,2
9,1
16,1
4,2
7,1
7,2
37,2
1,2
112,1
708,2
1095,2
2363,2
92,2
360,2
42,2
15,2
25,2
47,2
65,1
2099,0
1082,2
909,2
584,2
368,2
615,2
574,1
18,2
193,1
11032,0
855,1
437,2
475,1
70,2
4151,2
17,2
464,1
3,0
40,2
25,2
18,2
3,2
3,2
3,1
2,0
8,2
33,2
2,2
12,2
1229,1
887,0
23,2
729,2
522,2
264,2
50,2
1254,2
116,2
1248,2
0,2
0,1
1,2
1,1
0,2
1,2
0,0
2,0
0,1
0,1
1300,2
838,2
109,2
138,2
83,1
51,2
696,1
219,2
10,2
50,2
379,1
636,0
308,1
349,0
3,1
319,0
381,2
808,0
855,1
339,2
3332,2
114,2
439,0
25,2
52,2
1392,0
14,0
9,2
11,2
25,2
38,1
92,2
0,2
26,2
43,2
30,2
100,2
17,2
8,2
5,2
232,1
239,2
649,0
160,2
248,1
1674,1
20,2
275,2
25,2
54,2
24255,0
7483,1
807,0
335,0
492,2
99,2
21154,2
99,2
87,2
44,2
14707,2
8247,0
2298,2
2261,1
1031,0
582,0
15304,1
1543,1
309,0
108,2
34,2
4,2
27,2
19,2
13,2
4,2
6,2
3,2
49,0
6,2
62,1
1817,2
1460,2
74,2
455,2
29,2
191,2
72,1
5,2
528,2
52,2
38,2
19,2
136,2
19,1
8,2
5,1
21,2
7,2
14,2
2173,2
22957,2
196,1
84,2
258,2
442,2
58,2
475,2
4,2
89,2
31,1
49,2
22,2
5,2
16,2
9,1
12,2
1,2
14,2
6,2
588,2
85,2
72,0
64,2
51,1
1221,0
25,1
28,1
9,2
11,2
3,2
0,2
2,2
0,2
3,2
0,2
0,2
1,0
1,2
0,0
1975,2
186,2
13,2
133,2
51,2
3188,2
24,2
42,2
52,2
2,2
104,2
49,2
84,2
30,2
230,0
15,0
29,2
30,1
1,2
16,2
16,1
5,2
18,2
5,1
25,0
4,1
3,1
18,0
72,1
2,2
234,0
214,2
681,1
183,0
28,2
17,0
28,1
60,0
20,0
9,0
4,2
4,2
41,2
7,0
29,2
3,2
9,0
1,2
2,1
0,1
77,0
135,2
70,0
19,0
16,0
9,2
88,1
7,0
52,1
50,1
53065,2
658,1
770,2
312,2
248,2
13048,2
150,2
53,2
80,2
99,2
6601,1
5090,2
3405,2
110,2
24,2
32,1
6601,2
61,2
54,2
52,2
928,2
3989,2
1873,1
1051,2
647,2
3770,1
1573,1
78,2
147,2
5970,2
715,0
535,1
305,2
25,0
824,0
120,0
91,1
270,0
206,0
34,0
6,1
13,1
10,1
0,2
7,2
3,2
1,1
9,2
0,2
0,1
246,1
168,2
398,2
184,1
900,1
46,2
16,0
15,2
25,2
25,2
6,2
422,2
36,2
37,2
130,2
1,2
22,2
14,2
3,1
9,1
62317,0
1522,2
356,2
512,0
212,2
10706,0
155,0
50,2
5,1
27,0
89,0
86,2
196,2
15,2
7,0
7,2
46,2
13,2
20,2
23,2
23,2
24,1
202,1
0,1
17,2
67,2
32,2
28,1
4,2
33,0
21,1
808,1
208,2
72,2
31,2
33,2
471,2
445,0
2,2
15,0
1128,2
1704,2
396,2
98,2
33,2
91,2
658,2
37,2
45,2
12,2
5,0
3,2
4,2
2,0
0,1
0,0
9,2
10,2
8,2
6,2
0,2
7,1
26,1
1,1
3,2
0,1
3418,1
2116,0
1004,1
2555,1
125,2
2464,0
118,1
327,0
14,2
505,0
38,2
10,1
18,1
6,2
37,2
117,0
83,0
1,2
14,0
21,1
99,1
1110,1
907,0
190,1
144,0
159,1
267,1
43,1
97,2
116,2
2117,0
534,0
452,0
20,2
9301,1
94,2
57,0
12,0
21,0
8106,2
928,2
70,2
85,2
108,2
55,2
80,2
20,2
12,2
156,2
150,2
7069,0
2165,1
1142,1
2162,1
9178,0
2092,1
127,1
87,2
66,1
2100,1
10715,2
76435,0
1783,0
871,0
279,2
44,0
5078,0
542,0
81,0
66,1
5,2
7,1
5,2
8,2
3,2
4,1
7,2
0,2
22,2
3,2
11,2
20,2
0,2
64,0
12,1
66,1
31,2
33,0
2,0
47,1
831,2
312,1
211,2
741,1
55,1
238,2
474,2
43,1
67,2
157,0
49,1
32,1
32,2
43,1
7,2
75,1
2,2
5,0
5,0
13,2
25,2
104,1
53,2
58,1
18,0
18,2
16,2
18,0
16,1
10,1
1074,2
265,1
217,2
214,0
16,2
8,0
6,2
66,1
96,1
14,2
7787,2
194,2
781,1
302,0
133,2
1731,0
745,0
102,0
42,2
22,0
1528,1
4011,2
1690,0
2217,2
3025,2
1801,1
563,1
557,1
447,1
112,1
87,1
76,1
50,1
50,0
3,1
16,1
9,1
10,1
0,2
6,2
2,2
72,2
22,2
20,2
17,2
36,2
17,2
3,1
12,2
3,2
600,1
5049,0
2097,1
539,1
1582,1
563,1
4421,0
192,0
212,0
238,0
14,1
428,0
81,0
38,0
99,0
18,2
88,0
37,1
10,2
7,1
7394,0
583,0
211,2
151,0
124,2
7724,1
19,0
4,2
18,0
3,0
935,2
321,2
12,2
15,1
330,1
28,2
6,2
45,0
7,2
3444,1
251,2
118,2
463,0
152,2
314,2
52,2
35,1
340,0
160,2
184,2
106,2
2292,2
1234,1
635,2
493,2
459,1
245,1
143,2
216,1
117,2
348,1
167,2
122,0
299,1
43,0
27,1
191,0
98,1
29,0
17,0
4176,0
646,0
2104,0
524,0
161,0
3089,0
39,0
100,1
24,0
42,0
104,0
38,2
71,1
28,1
155,0
3,1
41,0
12,1
38,2
117,2
28,1
4,1
12,0
1,2
5,2
4,0
4,0
4,1
2,1
2,2
42,0
23,1
12,0
15,1
10,0
33,2
7,0
14,1
5,0
21,0
410,1
287,1
50,2
71,1
19,1
44,1
17,2
10,1
22,1
19,1
43,2
71,0
173,0
10,1
23,2
57,0
116,1
13,1
8,0
41,2
14,0
27,2
16,2
26,2
9,2
5,0
10,2
7,2
8,2
2,2
4554,0
13116,0
1116,1
206,1
640,2
51,2
3588,2
111,2
51,2
170,0
698,1
2593,2
93,2
84,2
144,1
83,2
14,2
80,0
191,2
15,2
272,2
413,1
155,2
39,2
15,2
280,2
18,2
35,0
20,2
8,2
6567,1
2408,2
745,0
146,0
1002,2
347,2
478,1
117,2
2212,2
85,0
3,1
1,2
95,1
8,2
10,2
2,0
0,0
9,2
1,1
1,2
81,2
48,2
52,2
18,2
11,2
19,2
57,2
10,2
3,2
3,2
52,2
45,2
37,1
20,2
4,1
7,2
21,1
6,2
1,2
6,2
790,1
24,0
303,2
121,2
310,2
693,2
166,2
148,2
483,0
13,2
4,2
1,2
0,2
5,2
0,2
0,2
1,1
0,2
0,1
0,2
524,2
53,2
417,1
12,2
95,2
393,1
194,2
49,0
246,2
145,1
605,1
443,0
1265,2
1181,2
377,1
361,2
43,1
387,2
232,2
690,0
4,2
8,2
34,2
2,2
56,0
2,1
2,2
9,1
3,2
1,1
131,0
30,0
14,2
2,2
8,0
4,2
3,2
1,2
51,1
1,2
780,2
3519,1
1399,2
1885,2
1283,0
1648,1
456,0
403,0
3260,2
86,0
577,2
3195,0
2274,1
4162,2
1115,2
957,2
244,2
352,2
87,2
81,2
1329,1
2384,0
1174,1
914,2
53,2
619,1
383,1
18,0
30,2
263,1
3765,1
1086,1
959,2
499,1
2829,2
267,1
1060,1
152,2
128,2
1199,2
740,2
327,2
242,2
70,2
90,0
158,2
52,2
39,2
82,2
13,0
959,2
731,1
292,2
496,1
116,2
140,2
107,0
57,2
4,2
182,2
133,2
32,2
17,2
6,2
4,2
4,2
3,2
1,2
5,2
4,2
306,2
437,1
405,0
13,1
60,1
12,2
95,2
9,0
205,2
5,2
4,2
4,2
6,2
9,2
2,2
1,2
0,2
2,2
7,2
3,2
3342,1
1207,2
557,0
1513,1
981,2
2171,0
2950,2
499,1
105,2
296,2
6226,2
4195,2
2569,1
967,2
1459,1
349,2
707,0
164,1
725,2
663,2
347,2
6,2
36,2
109,2
121,2
73,2
32,2
7,2
82,2
13,2
39,2
185,2
33,2
57,2
4,1
3,2
2,2
20,2
2,1
4,2
635,2
338,1
316,0
92,1
338,1
39,2
25,2
43,2
23,2
6,2
1401,1
759,2
304,0
1263,1
131,1
439,2
246,1
15,2
340,2
83,2
9,2
5,2
1,2
2,2
2,2
2,2
2,2
4,2
2,2
1,1
342,1
6,0
68,2
165,1
85,2
35,2
9,2
18,2
53,2
86,1
1245,2
194,2
117,2
345,2
31,2
13,2
8,2
97,2
1,2
65,2
42,2
20,2
200,2
7,2
16,2
8,2
34,2
3,2
5,2
2,2
2663,0
1358,1
72,1
242,2
90,2
33,2
138,2
72,2
1,1
1,2
1155,2
193,1
4043,0
1008,1
160,2
672,1
414,1
35,2
2181,0
9,2
186,2
40,2
34,2
85,2
6,2
24,2
51,2
46,2
27,1
41,2
848,0
187,0
2318,1
5283,1
39,0
8,2
66,0
230,2
38,2
303,1
30,2
13,2
11,2
3,2
0,2
1,1
1,1
0,2
6,2
0,1
237,2
520,1
23,2
704,1
364,2
15,1
36,1
53,1
85,1
27,2
62,2
32,2
27,2
43,1
3,2
8,2
5,2
0,2
1,1
26,2
90,2
3,2
2,2
1,2
144,1
2,2
0,2
3,2
0,2
0,1
62,2
26,2
28,2
41,2
16,1
33,1
4,2
12,1
4,2
5,2
3,2
255,0
1,2
1,2
3,2
1,2
1,2
1,2
0,0
1,2
1021,1
1185,2
568,2
146,2
92,2
34,2
365,2
4,2
1018,0
593,2
824,2
445,0
66,2
59,2
75,2
7,2
0,2
6,2
4,2
4,2
25,2
8,2
1,2
0,2
4,2
0,2
0,2
0,2
0,2
0,2
0,2
6062,2
653,2
66,2
14,2
59,2
980,1
25,2
5,1
11,2
16,2
1256,0
1208,1
1543,1
1259,2
608,2
392,2
833,1
55,1
72,2
221,2
12574,1
13,2
718,2
70,2
358,2
3290,2
168,0
149,2
64,2
5,2
34499,1
453,2
31,1
71,2
8,2
3161,0
96,2
20,2
38,2
36,2
463,2
25,2
656,2
20,2
74,2
93,2
24,2
25,2
9,2
15,1
111,2
573,2
74,2
31,2
22,1
7,2
25,2
60,2
33,2
26,2
2273,2
762,2
28,2
42,2
61,2
522,2
39,2
422,2
495,2
10,2
190,2
28,2
85,2
43,2
170,2
94,0
3,2
8,1
33,2
29,2
5188,0
111,1
419,2
652,2
32,1
23926,0
180,1
90,2
105,1
62,1
3059,1
1977,1
577,2
21,2
1883,0
685,1
78,1
648,2
6,2
8,2
87,2
2453,1
404,2
558,2
528,1
1022,1
356,1
79,2
214,2
78,2
270,0
53,2
135,2
39,0
22,2
20,2
33,1
2,2
6,2
59,2
3627,2
381,2
1,2
12,2
53,2
4154,1
44,2
54,2
21,2
26,2
14937,2
1549,2
94,2
267,2
305,2
24747,2
115,2
35,2
162,2
0,2
9,1
7,2
9,2
0,2
5,2
7,2
4,2
4,2
1,2
2,2
11685,2
494,2
279,2
567,2
2675,2
812,2
66,2
373,2
141,2
6619,1
127,2
17,2
29,2
40,2
12,2
65,2
11,2
11,2
8,2
10,1
280,2
50,2
27,0
139,2
74,2
0,2
524,2
4,2
0,2
28,2
2707,2
2518,2
112,2
369,2
10,2
74,2
1896,2
7,1
6,2
3,2
3846,2
21010,2
337,0
228,1
494,2
147,0
30755,2
59,2
18,2
26,2
830,2
361,2
48,2
1267,2
5,2
14,2
55,1
30,2
92,1
43,2
5,2
2,2
4,2
5,2
0,2
5,2
3,2
1,2
0,2
2,2
3662,2
3199,0
152,2
1,2
128,2
2664,0
9,2
699,0
41,2
11396,1
99,2
11,1
9,2
2,2
21,2
0,2
38,2
11,2
2,2
23,0
213,0
23,2
101,2
33,2
33,1
157,1
0,2
0,1
0,1
5,2
147,1
89,1
14,2
60,1
12,2
72,1
58,2
8,2
4,2
21,1
51,2
7,2
2,1
5,1
0,1
3,1
0,0
1,1
4,1
502,2
5,1
26,0
93,0
3,2
153,1
6,2
5,2
6,1
15108,2
5287,2
2390,2
9309,2
5289,0
24802,2
2894,2
1432,2
991,2
987,2
1805,2
5096,2
5665,1
3130,0
1977,2
886,1
74,2
2483,2
421,1
35,2
6798,2
120,2
85,1
69,2
63,2
3284,2
33,1
12,2
6,2
4,2
1575,2
150,2
39,2
66,2
5620,2
10,2
34,1
33,2
0,2
8998,1
285,1
31,1
81,2
276,2
52,2
74,2
34,2
12,2
11,2
1,2
316,1
1091,2
421,2
281,2
132,2
81,2
52,2
25,2
20,2
30,2
3669,2
2663,2
2425,0
27,2
38,2
72,2
124,1
8,2
703,2
995,2
0,2
9,0
1,1
0,0
0,2
0,1
11,1
1,2
1,2
2,2
28,2
81,1
8,2
16,2
5,2
24,2
114,2
16,2
6,0
0,2
257,1
14,2
3,2
1,2
1,2
71,2
6,2
0,2
0,2
0,2
10,2
10,2
9,2
2,2
1,2
1,2
4,1
511,0
420,1
181,1
286,2
105,2
38,2
14,2
459,2
1495,0
216,1
63,2
5,2
0,2
0,2
0,2
4,2
0,2
0,2
0,2
0,2
6,2
12,2
1,1
3,2
2,2
1,2
19,2
1,1
0,2
2,2
6263,2
157,2
1553,1
570,2
5,1
1839,2
382,0
20,2
202,2
65,0
4581,2
1764,2
433,2
2036,1
795,2
25,2
30,2
318,0
6,1
1173,1
138,2
71,2
187,0
110,0
4,1
9,1
20,2
3,1
2,2
2,2
571,2
713,2
206,2
102,2
256,2
75,2
287,2
185,2
1920,2
20,2
77,1
729,2
336,2
772,2
190,0
348,0
88,1
12,2
210,0
152,2
370,2
370,2
17,2
70,2
14,2
9,2
65,1
59,0
39,2
118,2
9688,1
15209,0
462,2
685,2
107,1
145,0
3156,0
99,1
74,0
29,1
4386,2
30207,1
242,1
880,2
258,2
52,2
10545,1
18,2
8,2
17,1
201,1
2037,0
2452,2
815,2
266,1
533,2
212,0
129,1
238,2
111,2
25455,2
32,1
41,1
552,2
413,0
2051,2
25,1
82,2
65,2
6,0
192,2
1856,0
1029,1
723,0
303,0
161,1
281,2
225,1
145,2
32,1
16,1
179,0
111,2
62,2
55,2
37,0
29,2
21,2
31,2
7,0
1182,2
2466,0
3647,1
2099,0
901,0
218,0
723,2
214,1
875,2
530,0
57,2
8355,0
11976,1
5409,0
3318,0
8931,0
5714,0
4917,0
3851,0
2047,0
66,0
67,0
73,1
49,2
48,2
45,2
31,1
26,1
7,2
12,2
317,2
23402,2
950,2
149,2
52,2
249,1
2995,1
16,1
8,2
2,2
187,1
3326,0
2304,2
3765,0
1453,2
960,0
1951,0
1288,1
445,0
715,0
4487,2
8003,2
1036,1
238,1
95,2
78,0
8119,1
34,0
63,0
16,1
1029,2
5075,0
2470,0
445,2
114,0
82,0
79,0
14,2
119,0
172,0
598,1
256,2
240,1
2,2
5,0
4,0
222,2
4,2
5,2
0,2
6,1
3716,2
676,0
258,0
13,0
47,2
1256,1
4,2
21,2
0,1
5176,2
197,1
71,1
58,2
4,2
5453,1
27,0
10,2
27,1
22,2
62,0
13,0
53,2
29,2
14,2
2,0
26,2
8,2
20,0
15,0
5903,0
2529,1
338,2
651,0
18,2
2799,1
29,2
41,1
63,2
16,0
34,2
60,2
13,2
3,2
33,0
1,2
1,2
7,0
7,2
0,2
115,1
492,2
575,2
213,0
123,0
96,2
53,2
63,2
45,1
60,0
386,2
7889,1
47,2
57,2
56,0
117,2
4192,1
33,2
12,2
18,2
414,1
712,2
327,1
459,0
187,2
109,2
29,0
118,2
32,1
7,2
216,2
1904,2
274,2
257,2
428,1
38,1
14,0
4,2
18,0
2,2
2982,1
1695,1
1800,0
883,1
984,0
675,1
675,1
115,2
55,0
201,0
1247,2
738,2
444,2
262,0
394,2
262,2
204,2
238,0
172,2
57,0
773,1
1104,1
1083,1
910,1
418,2
675,0
496,1
516,0
445,0
309,1
6935,2
5394,0
416,0
206,2
31,2
24,2
2376,1
6,2
6,2
6,2
3060,2
13907,2
4526,0
3095,1
1704,0
358,0
94,1
46,2
9,0
7,0
231,2
49,1
19,2
63,2
10,2
14,0
20,1
37,2
5,2
4,2
459,1
1496,0
665,2
127,1
223,2
610,2
306,1
235,0
379,1
50,2
1176,0
1825,2
680,2
281,1
42,1
16,2
148,1
14,2
13,2
2,2
144,0
73,0
43,2
8,2
17,2
6,2
16,2
5,2
1,2
1,2
2515,2
15791,2
1637,2
352,0
346,2
107,0
16129,0
423,0
75,2
44,0
298,0
259,0
202,2
42,1
69,2
28,2
4,1
31,2
1,0
9,1
45,0
53,2
30,2
1,2
70,2
19,2
2,1
16,0
3,0
3,0
26,2
1,2
1,2
3,2
3,2
0,1
2,2
0,1
0,2
2,2
609,2
746,2
372,2
396,1
149,0
81,2
55,2
59,2
49,1
25,2
1286,1
81,0
137,1
68,0
40,0
474,1
14,0
31,2
18,1
5,0
2342,0
2426,1
1183,2
1178,0
760,2
530,2
185,0
250,1
300,2
243,2
1338,2
381,1
340,2
384,1
74,1
222,1
106,2
273,1
41,1
29,1
35,1
50,1
3,2
15,1
164,0
4,1
0,0
6,0
1,0
9,1
63,0
38,1
22,0
2,2
4,2
15,1
14,1
0,0
0,2
0,2
8468,0
2181,1
1065,0
1992,0
188,2
2390,0
286,1
696,0
425,2
26,0
74,2
25,2
11,2
11,1
3,2
5,2
6,2
2,0
3,2
1,2
4,2
20,1
3,1
3,2
26,1
6,2
3,2
3,2
1,2
1,1
80,1
46,0
30,2
15,0
0,2
15,0
21,1
22,2
0,1
2,0
96,1
25,2
210,2
752,2
47,2
125,2
147,2
98,2
49,2
100,2
849,2
493,2
71,1
211,2
108,2
94,2
31,1
29,2
14,2
17,1
27,2
53,2
33,2
8,2
8,2
5,2
27,2
8,2
2,2
1,2
143,2
13,2
20,2
28,2
22,2
49,2
25,2
10,2
2,2
2,2
25,2
56,2
34,2
78,2
14,2
14,1
7,2
14,2
6,2
9,2
55,1
30,1
35,1
16,1
37,2
30,1
25,1
31,1
155,1
49,1
49,1
51,2
58,2
14,2
5,2
2,2
2,1
3,2
2,2
2,2
12,2
10,2
4,2
3,2
0,2
3,2
5,2
1,2
3,2
3,2
13,2
16,2
6,2
9,2
5,2
5,2
2,2
1,2
2,2
3,2
26,0
250,2
11,2
120,2
10,1
15,2
5,2
4,2
2,2
18,2
13,1
0,2
41,2
11,1
0,2
2,2
0,2
0,1
3,2
0,2
14,2
32,2
55,2
18,1
3,1
5,2
6,2
4,2
7,2
3,2
12,2
24,2
3,2
3,2
2,2
1,2
1,2
1,2
0,2
2,2
39,2
8,2
9,2
2,2
2,2
1,2
1,2
4,2
1,2
0,2
192,2
63,2
31,2
6,2
8,2
5,2
12,2
5,2
9,2
42,2
5384,1
3098,0
1979,2
557,2
188,2
10796,2
51,2
27,2
27,1
37,2
10501,1
2813,2
1817,2
332,2
720,1
5063,2
220,2
23,1
399,2
196,2
5257,2
578,2
37,1
193,2
170,1
1535,2
42,2
44,1
127,2
7,2
73,1
16,2
4,2
58,2
4,2
4,2
4,1
2,2
18,2
12,2
78,1
13,1
18,2
9,2
5,1
7,2
18,2
7,2
0,2
4,2
13414,2
1366,1
778,0
58,0
512,2
5668,2
70,2
40,1
2,2
17,1
4,2
4,2
2,2
1,2
2,2
1,2
1,2
1,2
1,2
1,1
27,1
7,1
4,2
61,1
9,1
7,1
9,1
2,1
2,1
8,1
66,2
3,2
4,2
6,2
2,2
5,2
2,2
2,2
2,2
3,2
865,2
912,2
378,2
232,2
255,2
121,2
112,2
13,2
68,2
23,2
5,1
16,1
6,1
1,2
1,1
2,1
0,1
0,1
1,1
0,1
278,2
7,2
25,2
2,2
16,2
9,2
8,2
0,2
3,2
2,2
1008,2
2901,2
30,2
565,2
703,2
220,2
161,2
237,2
13,2
259,2
2,2
1,2
2,2
1,2
2,2
0,2
0,2
0,2
0,2
3184,0
1409,2
307,2
467,2
155,1
327,2
249,2
137,1
40,2
178,2
3544,2
3095,2
655,2
28,2
401,2
730,2
586,0
12,2
423,2
3450,2
4,0
19,1
6,1
3,2
11,1
4,2
11,1
5,2
1,2
3,2
2903,2
253,0
60,2
1,2
2,2
1998,0
6,2
1,2
3,2
1,2
27,2
185,1
60,1
56,2
37,2
10,2
22,2
14,2
4,2
5,1
50,1
68,1
64,1
13,1
18,1
28,1
12,1
15,1
3,2
5,2
38,1
6,2
6,2
7,2
2,1
3,1
0,1
0,1
26,2
0,1
15494,1
30528,1
1222,2
149,1
230,1
28,2
34797,2
157,2
110,1
8,1
65,1
113,2
28,2
17,1
14,2
24,2
13,2
15,2
8,2
2,2
1498,2
1149,2
165,2
90,2
2603,2
395,2
156,2
421,2
322,2
176,2
2361,2
1091,0
403,2
286,2
473,2
761,2
826,0
225,2
249,2
351,0
2355,2
8996,1
1644,2
328,2
577,2
132,2
1152,0
213,2
90,0
60,2
292,2
340,2
628,2
197,2
122,2
57,1
62,2
45,2
25,2
24,2
249,2
95,2
1417,2
572,2
470,2
304,2
148,1
104,2
121,2
277,2
118,1
193,2
402,2
79,2
11,2
77,2
40,2
3,2
23,2
1,2
36,2
16,2
16,2
8,2
74,2
2,2
2,2
26,2
7,2
3,2
21,2
44,2
15,1
38,2
67,2
7,2
146,2
3,2
7,2
3,2
162,2
928,2
432,2
77,2
136,2
18,0
30,2
129,2
4,2
142,2
392,1
107,2
33,2
43,2
50,2
135,2
5,2
7,2
15,2
73,1
4,2
2,2
2,1
1,2
1,1
1,2
1,2
1,2
1,2
2,1
83,1
14,1
71,2
31,2
4,2
10,2
25,2
1,2
5,2
4,2
2,1
4,2
0,2
2,2
1,2
0,2
0,2
0,2
1,1
0,2
0,2
1,2
0,2
1,2
6,2
0,2
0,2
1,2
0,2
0,2
698,1
127,1
1,2
0,1
0,2
27,1
88,2
1619,1
3,1
20,2
22,2
5,2
1,2
0,2
0,2
0,2
0,2
0,2
0,2
0,1
7,1
7,2
5,2
0,2
0,2
1,2
1,2
1,2
0,2
2,2
728,1
1425,2
40,2
16,2
6,2
5,1
2882,2
7,2
12,2
9,2
1,2
0,2
0,2
2,2
0,2
0,1
0,1
0,2
0,1
101,2
14,2
38,2
41,2
20,2
33,2
29,2
30,2
37,2
14,2
0,2
5,1
3,2
1,2
3,2
1,2
2,2
2,2
3,2
2,2
2,2
3742,2
2305,1
105,2
56,2
58,2
451,1
4,2
77,2
32,2
271,1
4,1
12,2
3,1
2,2
2,2
2,2
3,0
3,2
0,2
4,2
14,2
11,2
1,2
1,2
2,2
1,0
1,2
0,2
0,1
1,2
16665,1
3489,1
436,2
582,2
47,2
20,2
15782,0
42,2
28,2
29,2
1,2
8,2
6,2
14,2
4,2
14,2
6,2
6,2
8,2
6,2
88,1
4,2
8,1
3,2
22,2
1,2
1,1
1,2
4,1
1,1
951,1
459,1
38,2
677,2
135,2
121,2
1,2
70,2
2,0
62,2
70,1
29,2
13,2
11,2
2,2
5,2
116,2
1,2
2,2
1,2
46,2
36,2
10,2
28,2
6,2
2,2
5,2
14,2
12,2
45,2
38,2
71,2
52,2
8,1
7,2
186,1
7,2
21,2
22,2
7,2
984,2
307,2
469,1
290,2
115,2
150,2
138,2
100,2
41,2
23,2
10,2
18,2
36,2
48,2
25,2
58,2
17,2
71,2
19,2
14,2
19,2
45,2
42,2
32,2
10,2
24,2
10,2
4,2
4,2
8,2
330,2
120,1
384,0
45,2
109,1
322,2
125,1
297,1
38,2
121,2
16,1
28,2
6,1
42,2
23,0
13,2
3,2
17,2
5,2
5,2
3,2
1,1
3,1
1,1
0,1
0,1
0,2
1,1
0,2
0,2
1,1
10337,2
12613,2
6,2
4,2
6,2
17,2
555,2
2,2
11,2
1,2
62244,1
17692,2
74,1
174,2
388,1
34,2
2056,2
75,1
8,2
1,2
4,2
1,2
0,2
1,0
1,2
4,2
0,2
4,2
3,2
1,2
3,2
2,2
0,2
2,2
1,2
1,2
0,2
1,2
0,2
1,2
0,2
8,2
0,2
3,2
1,1
0,2
1,2
0,0
2,2
1,1
585,1
9,2
298,2
36,2
278,2
2,2
17,2
2,2
0,1
42,1
7,2
2,2
3,2
1,2
3,1
2,2
4,2
101817,0
149,1
74,2
16,2
28,1
1290,1
24,0
15,2
8,1
2,1
0,2
2,2
0,2
0,2
0,1
0,1
1,1
1787,2
315,2
102,2
31,2
8,2
171,2
1396,2
62,2
3,2
2,0
2,2
0,1
1,2
2,2
1,2
0,2
3,2
1,2
1,2
1,2
3,2
1,2
0,2
0,2
0,2
0,2
0,2
686,1
321,1
239,1
451,1
69,1
12,1
45,2
7,1
89,1
41,1
12,2
3,2
6,2
82,1
5,2
15,1
6,1
23,2
12,2
2,2
4279,2
2787,2
139,2
81,2
64,2
41654,2
994,1
122,2
688,2
643,2
2375,2
2786,2
53,2
14,2
2,2
4,2
3921,2
48,2
1,2
1,2
49,1
245,1
2,2
4,2
0,1
0,2
6,1
1,2
2,2
4,1
2,2
2,2
0,2
1,2
0,2
0,1
1,1
1,2
1,1
3726,1
1073,1
169,2
217,2
74,2
5821,1
59,2
486,0
11,2
9,2
1688,0
91,2
16,2
17,2
36,2
1,2
6,2
3,1
6,2
124,2
227,2
923,2
28,2
181,2
184,2
69,2
409,2
8,2
120,2
79,2
14504,1
212,2
263,0
44,2
12,2
3150,0
12,1
9,2
32,2
2,2
1723,2
1686,2
1190,2
2222,1
231,1
2865,2
362,2
433,2
277,2
1374,0
1241,2
595,2
634,0
153,0
4887,0
407,2
300,2
121,2
95,0
414,0
330,2
3942,1
283,2
219,2
38,0
3,0
3276,0
46,2
79,2
1,2
15642,2
4124,2
462,2
187,2
47,2
25,1
5316,2
14,2
15,2
55,2
11885,2
707,2
90,2
109,2
15,2
6479,2
918,0
30,2
20,2
9,2
2286,2
1613,2
1257,1
1058,1
1382,0
796,2
717,1
148,2
104,2
109,2
1218,2
655,2
221,2
373,2
193,2
34,1
130,2
19,2
66,0
161,1
2722,0
1667,2
1750,1
873,2
870,2
157,2
309,0
686,2
643,1
165,1
2992,1
4417,0
1254,1
45,2
7,2
0,2
1562,2
12,1
12,2
0,2
5415,2
103,2
63,2
13,2
38,2
2030,2
38,2
20,2
48,2
7,2
2845,2
322,2
96,2
35,2
92,2
3000,2
36,1
50,1
8,2
17,2
597,2
385,2
55,2
48,2
68,2
25,2
31,2
85,2
19,2
22,2
14208,2
44,2
76,2
7,2
14,2
1014,1
2,1
7,2
7,2
2,2
61,2
5,0
2,2
17,2
238,1
48,2
8,2
107,2
115,1
14,2
1148,2
6,2
109,2
114,2
162,2
219,2
166,2
150,2
78,2
54,2
3723,2
1845,2
2410,0
1348,1
1073,0
603,2
378,2
153,0
715,2
182,2
8,2
31,1
8,2
18,2
13,2
6,2
7,2
8,2
7,2
2,2
3969,1
1456,2
814,0
492,2
646,1
166,1
196,2
174,2
38,0
1362,2
355,2
9,2
54,2
71,2
54,2
871,2
67,2
10,2
26,2
17,2
9322,0
11224,1
176,2
277,1
52,0
89,2
16262,2
19,2
4,0
37,2
149,2
41,2
55,2
6,2
81,2
70,2
14,2
4,2
6,2
21,2
3,2
1,2
18,2
2,1
6,2
4,2
2,2
0,2
0,2
0,2
2785,2
91,1
43,2
75,2
14,1
2489,1
51,1
3,2
8,2
9,2
10948,2
1904,2
635,2
104,2
366,2
4501,2
163,1
55,2
62,2
45,2
21,2
4,2
26,2
2,1
10,2
1526,2
0,1
6,1
5,2
0,1
543,0
1658,2
583,1
4,2
377,2
130,1
153,2
22,2
73,2
13,1
1868,2
34,2
7,2
1,2
27,2
2227,1
5,2
6,2
6,2
4,2
3750,1
495,0
997,0
713,1
97,2
770,0
48,1
7,2
71,0
3,2
1417,1
618,2
256,2
33,2
98,2
10,2
58,2
127,2
36,2
275,1
26542,2
412,1
164,0
93,0
52,2
10154,0
19,1
49,1
4,2
2,1
233,2
2233,2
26,1
32,2
63,2
20,2
867,2
94,2
367,1
23,2
251,2
9,2
391,2
330,2
197,2
1615,2
52,2
24,2
30,2
166,2
369,2
239,2
283,2
261,2
25,2
983,2
83,2
9,2
4,2
5701,1
335,1
337,1
35,2
16,1
2186,1
3,2
9,2
19,2
1,2
20375,0
5752,2
1480,0
194,0
887,0
510,2
4964,1
124,0
140,0
8,2
7,2
0,2
2,2
0,2
0,2
1,2
0,2
1,2
0,2
1,2
54,2
6,2
4,0
5,2
6,2
4,2
6,1
0,2
7,0
1,2
593,2
4647,2
378,2
68,2
322,2
109,2
882,2
65,2
20,2
117,2
98,2
24,1
68,1
27,2
14,2
13,2
4,2
6,2
21,2
3,2
1905,2
974,2
1587,2
441,2
474,2
245,2
159,2
159,1
53,1
163,2
157,1
223,2
0,2
1,2
2,1
9,2
172,2
17,0
12,2
15,2
79,2
699,1
284,2
222,2
48,2
58,0
98,2
313,2
104,2
15,2
34,2
14,2
9,1
0,2
2,2
5,2
1,1
0,2
0,2
0,2
93,2
431,2
364,2
99,2
95,2
197,2
29,2
93,2
75,2
640,2
24,2
12,2
8,2
7,1
0,2
13,1
11,1
21,1
24,1
33,1
3,2
1,1
1,2
3,1
3,1
0,2
5,1
2,2
1,1
0,1
780,2
345,2
983,2
203,2
107,2
34,1
12,2
30,2
1889,1
26,2
613,2
143,2
5,1
53,2
270,2
12,2
344,2
15,2
4,2
9,2
21485,2
153,2
62,2
27,2
13,2
3787,1
7,2
3,2
1,2
1,2
1162,2
326,2
183,2
77,2
19,1
1832,2
30,2
33,2
33,2
11,2
8767,2
3074,1
22,1
0,2
18,2
81,2
290,2
1,1
8,2
8,2
11366,1
9437,1
20,2
34,2
28,2
3,2
18659,0
1,1
38,1
4,2
32,2
24,2
15,2
71,2
3,2
16,2
12,2
9,2
3,2
13,2
8620,2
17,2
24,2
100,1
0,2
946,1
12,1
4,1
2,2
2,1
974,2
420,2
94,2
85,2
15,1
79,2
0,2
62,2
41,2
1,2
2287,1
44796,2
51,0
21,2
39,2
4,2
8236,0
42,2
23,2
1,2
536,1
62,2
3,2
55,2
12,2
2,1
66,2
3,1
0,2
0,2
2692,1
11302,0
24,2
27,2
17,2
2,2
67193,2
14,0
4,2
11,2
30,2
0,2
1,2
2,2
0,2
0,2
1,2
5,1
3,2
1,2
64,1
7,2
11,2
18,1
16,1
33,1
11,1
1,2
10,2
5,1
1037,2
182,1
195,2
46,2
228,2
90,2
42,2
53,2
49,2
25,2
4,1
0,2
2,1
0,1
1,2
1,1
1,2
2,1
0,1
0,1
865,0
540,2
310,0
296,2
139,0
109,0
100,2
13,0
64,0
143,2
422,2
28,2
21,2
5,1
2,2
0,2
34,2
1,1
0,1
0,2
17,1
15,1
10,1
5,1
4,1
4,1
5,1
2,1
3,1
1,2
1,1
8,1
0,2
5,2
2,1
2,2
2,2
3,2
2,2
4,2
108,2
19,2
39,1
18,2
6,2
4,2
16,2
4,2
4,1
2,2
116,1
69,2
26,2
59,2
4,2
1,2
22,2
8,2
8,2
5,2
60,2
153,2
66,2
13,2
11,2
7,2
137,1
75,1
5,2
46,1
574,0
2837,2
30,2
6,2
16,1
6,1
432,1
11,2
11,2
11,2
783,0
427,1
269,0
227,1
102,0
128,0
97,1
2,0
131,1
21,0
128,2
16,2
3,2
36,2
24,2
12,2
4,2
0,2
74,2
11,2
0,1
2,2
1,2
1,2
2,2
1,2
1,2
1,2
1,2
1,2
236,2
93,2
59,2
46,2
15,2
29,1
13,2
31,2
8,2
100,2
4,2
1,2
0,2
3,2
1,1
3,1
0,2
0,2
0,2
0,1
681,0
545,0
54,0
50,0
6,1
18,2
8058,1
8,2
4,2
6,2
6,1
13,2
4,2
4,2
0,2
2,2
1,2
1,2
1,2
2,2
375,2
187,2
155,2
331,0
17,1
132,2
47,2
4,2
83,1
83,2
5,1
27,1
9,1
53,1
9,1
4,1
2,1
79,1
34,1
4,2
25,2
2,2
7,2
2,2
1,2
2,2
0,2
0,2
6,2
1,2
0,2
1,2
4,2
5,1
3,0
1,2
3,2
7,1
0,2
0,2
193,2
88,2
29,2
7,2
7,2
33,2
73,2
30,2
5,2
2,2
8,2
4,2
1,2
1,2
2,2
3,2
0,2
0,0
0,1
0,2
55,2
351,2
64,2
13,2
14,2
32,2
13,2
6,2
7,2
16,2
15,0
5,2
9,2
30,0
19,2
24,2
15,2
6,0
3,2
1,2
14437,2
3729,1
4,1
6,1
3,2
43,2
652,2
13,2
31,2
19,2
593,0
54,2
3,2
32,2
2,2
19,2
263,2
17,2
8,2
0,2
9,1
5,1
5,2
0,1
25,2
21,2
2,2
6,2
2,2
2,2
62,2
33,2
2,2
6,2
4,2
2,2
0,2
0,2
1,2
0,2
143,0
507,2
174,1
142,2
92,2
191,2
19,1
158,1
24,2
40,1
5,1
24,2
6,1
8,1
2,1
26,2
41,2
4,2
105,2
10,2
451,2
827,0
301,2
158,0
517,2
79,1
74,2
54,2
36,2
76,2
95,2
63,2
213,1
28,2
47,1
23,1
19,0
48,2
16,1
0,2
91,1
151,0
106,2
71,1
68,0
55,0
50,1
5,2
12,0
10,1
39,2
31,2
68,2
5,2
2,2
1,2
1,2
0,2
0,2
4,2
25,2
28,2
9,2
7,2
8,2
14,2
4,2
1,2
19,2
3,1
10,1
34,1
6,1
11,2
75,2
8,2
42,2
9,1
18,2
10,2
512,2
288,2
1707,2
214,2
282,2
55,1
356,2
142,2
11,1
100,2
225,2
414,1
186,1
260,2
64,2
71,1
55,2
22,1
34,2
44,2
174,0
96,2
52,0
29,2
25,0
38,2
23,2
37,2
22,2
11,1
181,2
21,2
41,1
43,0
4,2
4,1
41,0
5,2
5,2
13,2
101,2
68,2
48,0
44,2
19,2
14,1
81,1
11,2
16,2
9,1
24,2
40,2
28,2
24,2
23,1
13,1
16,0
16,2
7,2
4,2
62248,1
17706,2
79,1
175,2
390,1
36,2
2056,2
77,1
8,2
39,2
325,0
456,2
651,1
867,2
105,2
192,2
50,1
62,1
104,0
232,2
116,2
67,2
35,2
136,2
42,2
66,1
18,2
16,2
10,2
7,0
10,1
35,2
0,2
10,2
4,2
4,2
4,2
10,2
8,2
0,2
26,1
7,2
7,1
3,2
1,1
1,2
0,1
1,2
1,2
1,2
87,2
824,2
540,2
147,0
320,0
85,2
125,2
91,2
38,1
49,2
125,0
71,0
71,2
57,1
136,0
150,1
58,0
27,1
14,0
150,1
76,1
87,2
86,2
110,2
65,2
51,2
65,1
34,1
50,2
60,1
75,1
772,2
233,2
94,2
192,2
93,2
58,1
50,2
138,2
34,2
52,2
28,2
18,2
2,2
13,2
3,1
2,2
5,2
2,2
133,2
245,2
72,2
32,2
12,2
63,1
15,2
117,1
283,2
121,2
23,1
17,1
15,2
60,1
19,2
11,2
3,1
4,2
1,1
3,2
9,2
7,0
4,2
1,1
3,0
8,2
4,2
1,1
7,2
5,2
113,0
55,2
66,0
168,2
32,2
41,2
26,1
103,2
9,1
14,1
882,2
77,2
90,2
7,0
14,2
1555,2
11,1
2,1
12,2
1,2
47,2
16,2
55,1
43,0
25,2
50,2
30,1
41,0
37,1
3,0
17,1
20,1
20,1
46,1
8,1
21,2
9,2
8,1
8,1
6,1
1055,1
229,2
42,2
33,1
68,2
27,2
580,2
5,2
3,2
1,2
1142,2
151,2
23,2
22,2
4,2
9,0
1142,2
11,2
1,2
4,2
212,1
57,1
28,1
51,2
8,2
2,2
9,1
10,1
0,1
5,1
107,2
34,2
6,2
16,2
39,1
18,2
7,2
62,2
2,2
5,2
2742,2
226,2
91,2
237,2
310,2
108,2
28,2
98,2
5,1
3,2
65,2
95,2
10,2
55,2
58,1
193,1
376,1
12,2
44,2
214,2
102,2
164,2
509,2
471,2
411,1
242,2
168,0
41,0
100,2
31,1
14,0
31,1
12,2
7,2
7,2
1,2
0,2
2,1
6,2
4,2
52,1
9,2
17,2
24,2
7,2
3,2
3,2
4,1
1,2
2,2
11,1
6,0
7,1
1,1
3,1
0,1
0,1
1,1
2,2
2,1
37,1
69,1
17,1
8,1
41,1
22,1
45,1
29,1
22,2
5,1
22,2
25,1
25,2
11,2
25,2
9,2
13,2
5,2
0,1
25,2
29,2
20,2
20,2
9,2
47,0
6,2
8,2
2,2
7,2
6,2
756,2
1098,2
465,2
134,2
508,2
387,2
219,2
161,2
184,2
329,2
24,1
266,0
184,2
59,1
141,2
56,2
73,2
105,1
55,1
12,2
591,0
219,2
182,1
19,2
596,2
299,1
1396,1
64,1
52,0
11,2
5,2
75,2
39,2
1,2
33,2
2,2
18,1
2,2
3,2
5,2
1795,2
856,2
270,2
393,2
74,2
325,2
31,2
2,2
55,2
194,2
41,2
43,1
4,1
22,0
22,0
15,2
1,2
2,2
2,0
3,2
22,2
5,2
1,2
0,2
0,2
0,2
0,2
0,2
0,2
0,1
4677,1
2249,2
7,1
1,0
488,2
48,2
3222,2
8,2
14,2
1,1
741,2
118,2
1295,2
2730,2
41,2
503,2
113,2
31,2
619,2
376,2
4,2
5,2
2,2
2,2
1,1
0,1
2,0
0,1
1191,2
3059,2
1236,0
15,2
8,2
784,2
369,2
313,2
455,2
248,2
24136,1
180576,2
362,2
680,2
3765,2
486,2
3885,2
5,2
3,2
146,2
2,2
1,2
0,2
0,2
2,2
0,2
1,2
9,1
1,0
0,2
1,2
0,2
0,2
0,2
16,2
0,2
1,2
0,2
0,1
1,1
0,1
569,2
16,2
113,2
22,2
59,2
10,2
15,2
4,2
83,2
14,2
29,1
19,2
28,2
10,2
7,2
3,2
3,2
4,0
1,2
1,1
24,2
302,2
57,2
73,2
72,2
28,2
5,2
24,2
18,2
14,2
9,2
2,2
0,2
0,1
1,2
0,1
1,2
0,2
0,2
0,1
105,2
53,2
72,2
45,2
86,2
188,0
21,2
9,2
18,2
4,2
36,2
57,2
4,1
131,1
8,2
13,2
11,2
15,2
2,2
9,2
1963,2
1749,2
1441,0
796,2
626,2
290,2
403,1
190,2
321,2
124,2
9054,2
8815,2
454,2
982,2
696,2
753,2
1699,2
182,2
91,2
23,2
101,1
256,2
105,2
112,2
16,2
124,2
29,2
31,2
33,2
31,2
882,2
360,2
25,2
156,2
61,2
50,2
114,2
25,2
27,2
39,2
25,2
131,2
36,2
36,2
41,2
0,2
1,2
13,2
11,2
6,2
404,2
139,2
44,2
20,2
13,2
19,2
5,2
3,2
8,2
8,2
2,1
3,2
0,1
1,2
1,2
0,2
1,1
1,2
370,2
50,2
0,2
14,2
5,2
9,2
0,2
1,2
27,2
1,2
55,1
128,2
14,2
27,2
31,2
35,2
8,2
15,2
3,2
4,2
54,2
100,2
15,2
45,2
719,1
39,2
33,2
6,2
11,2
1,2
6061,2
12820,2
558,2
668,2
1200,2
118,1
8263,2
174,2
56,2
65,2
587,1
7797,2
260,1
1087,2
323,2
19,2
1287,2
196,2
304,1
75,2
57,1
45,2
65,2
51,2
125,2
282,2
4,1
25,2
37,2
0,2
696,2
3612,2
1540,2
607,2
422,2
46,2
96,2
120,2
57,2
33,2
61,1
446,2
117,2
60,2
16,2
80,2
19,2
40,1
4,2
8,2
554,2
366,2
33,2
30,2
20,2
1,2
6,2
81,2
5,2
8,2
34,2
50,2
77,2
57,2
51,2
17,2
15,2
11,2
4,2
5,2
1,2
2,1
2,2
3,2
0,2
0,2
0,1
3514,2
18314,1
2367,2
893,2
1978,2
404,2
8900,2
1171,2
1542,2
347,2
9,2
0,2
2,1
2,2
2,1
0,1
0,1
0,2
0,1
0,2
6,2
1,2
4,2
1,2
0,2
4,2
14,1
8,0
1,2
0,2
310,2
492,2
156,2
71,2
60,2
36,1
17,1
20,2
8,2
17,2
368,2
171,2
566,2
78,2
217,2
304,2
3,2
86,2
48,2
85,2
85,2
3,2
6,1
1,2
7,2
3,2
1,1
1,2
0,2
1,0
2150,2
5658,2
769,2
249,2
171,2
69,2
2022,2
389,2
123,2
65,2
46055,1
1067,1
320,2
184,1
41,2
16022,0
49,1
65,2
56,2
42,2
28239,1
4623,1
938,2
185,0
27,1
28,2
4848,2
59,2
7,1
8,2
245,2
70,2
377,1
86,2
3,2
56,2
39,2
14,2
20,1
101,2
55141,2
411,2
355,1
390,2
84,2
1979,1
177,2
253,1
100,2
155,2
68,2
17,2
116,2
46,2
40,2
8,2
56,2
49,2
30,2
7,2
2,1
0,2
1,1
0,2
0,2
0,2
0,0
5,0
0,1
0,2
4537,2
3507,2
35,1
9,1
287,2
664,2
84855,2
12,2
25,1
106,1
11,2
577,1
423,0
14,2
102,2
81,2
376,2
446,0
306,2
44,0
1734,0
376,2
103,2
599,2
1462,2
2852,2
308,2
16,2
32,2
47,2
3,2
5,2
0,2
11,2
4,2
2,1
20,2
8,2
12,2
5,2
22300,2
3535,0
1065,1
4437,1
1332,2
3920,2
642,2
88,2
147,2
373,2
2985,2
10944,1
837,2
3219,1
56,2
113,1
36,1
17,2
20,2
4850,0
428,2
34,2
12,2
5,1
0,1
2109,1
0,2
6,1
0,1
1,1
14,1
6,2
7,2
9,2
13,1
5,2
19,2
59,2
8,2
5,1
69,2
61,2
37,2
8,2
18,2
3,2
0,2
4,2
11,2
5,2
1209,2
22,1
33,1
17,1
532,2
323,2
53,2
385,2
250,2
184,1
17,2
5,1
2,1
0,2
3,1
2,1
3,1
0,1
2,1
0,1
57,2
56,2
17,2
41,2
38,2
80,2
19,2
40,2
84,2
3,2
4,2
0,2
7,2
6,1
0,1
0,1
0,1
1,1
3,1
4,0
5,0
19,0
31,2
4,1
6,0
12,1
2,2
2,1
1,2
3,2
35,1
5,2
8,0
8,1
16,1
5,0
5,0
6,0
8,0
1,1
16595,1
340,2
285,1
206,2
47,2
4776,2
376,0
2150,1
35,2
29,2
9,2
8,2
3,2
1,2
3,2
2,2
1,2
1,2
1,2
1,2
4694,2
11,0
21,2
29,2
81,2
3916,1
23,2
10,2
17,2
2,2
376,2
1,2
0,1
1,1
1,2
7,2
0,1
0,2
0,2
0,2
1,2
5,1
16,0
45,0
0,1
5,2
3,2
0,1
0,2
0,0
54,0
157,0
8,2
58,1
16,2
93,1
3,2
6,2
2,1
14,2
35058,2
33,2
370,2
13,2
50,2
2081,0
40,2
4,2
35,2
36,2
7,2
6,2
4,2
14,2
4,2
4,2
7,1
14,2
3,2
6,2
5,1
0,2
1,0
6,2
1,2
5,2
0,1
28,2
17,2
4,2
2583,1
2972,1
1044,2
827,2
286,2
446,1
1485,2
297,2
1043,2
112,2
30819,0
3293,0
147,0
97,1
7,0
41,0
15254,2
77,0
12,0
3,0
61,1
23,2
14,2
7,2
12,2
8,2
43,2
7,2
9,2
2,2
55,1
39,2
15,2
11,2
68,2
1,2
23,2
0,0
7,2
3,2
72,2
78,2
136,0
24,2
12,2
25,2
4,1
29,2
11,0
6,2
0,1
2,2
1,2
0,2
0,2
0,2
0,2
2,2
0,2
0,1
3,1
15,0
3,2
1,0
1,1
1,2
8,1
0,1
0,0
0,1
2,2
3878,0
1563,2
1192,0
562,2
2766,1
2403,2
546,2
455,2
638,2
209,1
140,0
26,2
156,2
14,2
8,2
4,1
7,2
5,2
8,1
4,0
47921,2
2220,2
362,0
115,2
390,2
27272,0
764,0
151,2
10,2
85,2
1840,2
98,2
13,2
5,2
38,2
353,2
81,2
3,2
60,2
1,2
41,0
43,1
60,0
21,2
125,1
21,1
29,1
4,0
6,2
55,0
1,2
0,2
2,2
3,2
0,1
0,2
0,1
0,2
0,2
1,2
0,2
292,2
134,1
33,2
11,2
29,0
7,1
0,2
12,0
0,2
52,2
4,2
386,2
12,1
12,2
15,2
74,2
18,1
17,2
4,2
13,2
22,1
64,0
50,2
61,1
13,2
9,1
1,2
16,1
7,1
255,2
141,1
420,1
180,2
76,2
477,1
158,1
50,1
913,1
260,2
670,0
340,0
410,0
41,1
250,0
108,0
99,1
105,1
34,0
23,0
317,2
135,1
251,0
19,2
2704,1
23,2
2608,0
48,1
25,2
1403,1
41,2
97,2
50,2
256,0
191,2
266,2
3,2
5,2
69,2
2,2
663,2
598,0
37,2
463,1
83,2
45,2
345,0
8,1
64,2
1,2
11543,0
548,0
240,2
74,1
25,2
6417,1
5,1
10,2
3,2
2,0
8972,1
8132,2
5066,0
2503,0
572,2
11060,0
1164,0
1245,1
1168,0
154,2
81,0
6,2
10,1
11,2
6,2
2,2
3,2
6,2
58,1
3,2
308,0
174,0
129,0
74,0
66,0
62,0
65,1
29,1
48,0
81,0
57,2
51,2
51,0
64,0
30,0
8,0
8,2
16,0
4,2
70,2
20,2
7,1
8,0
70,1
20,2
4,2
7,2
49,2
10,2
11,1
465,0
338,2
531,0
197,0
31,2
98,2
10,1
75,1
28,0
159,0
2651,2
182,2
595,2
44,2
321,0
171,2
50,2
12,2
94,2
55,2
47,1
612,1
607,2
11,2
43,2
34,1
25,1
18,2
6,1
8,0
15,0
2,1
12,1
9,0
5,2
1,0
5,2
4,2
1,0
1,2
6,0
1,2
4,2
11,2
10,2
1,1
63,2
4,1
0,1
2,2
322,2
18,2
2,2
12,1
0,2
0,2
0,2
10,2
1059,2
143,2
3,1
0,0
1,1
0,2
0,1
0,1
0,1
0,1
4,2
1,2
4,2
7,2
6,2
6,1
6,2
3,2
2,2
1,2
4,2
3,2
2,2
9,2
0,2
26,2
23,1
0,2
4,1
6,2
39,1
11,1
13,2
12,0
7,2
3,2
9,1
11,2
6,2
2,1
14,2
13,2
58,1
0,2
1,2
0,2
0,2
1,1
0,2
32,1
21,1
26,2
10,1
4,1
9,1
3,1
10,1
8,1
6,1
37,2
198,1
20,2
4,2
16,2
4,2
2,2
12,2
0,2
5,2
6362,0
15215,1
33,2
195,2
3,2
7,2
796,2
0,2
0,2
8,2
2,1
0,2
0,2
1,1
0,2
2,2
0,1
1,1
0,1
1,1
629,1
181,1
21,1
7,1
4,1
4,1
150,1
2,1
6,1
2,1
10,2
2,2
0,2
12,2
1,1
0,1
0,1
3,1
3,2
214,1
8,2
6,2
1,1
2,1
24,1
1,1
0,1
2,1
2,1
5,1
7,1
8,1
9,1
16,1
11,1
2,1
8,1
6,1
5,1
5,2
4,2
3,2
1,2
1,2
3,2
1,1
1,1
1,1
0,1
3568,2
603,2
15,2
107,2
12,2
65,2
43,2
2,2
5,2
223,1
148,1
60,1
182,2
5,1
61,2
6,2
14,1
4,1
7,1
3,1
18,2
5,2
10,0
24,1
23,2
26,2
14,2
11,1
10,1
30,0
116,2
34,1
22,1
19,1
17,1
7,1
13,2
3,1
6,1
18,1
27,1
1,2
0,1
0,1
1,1
0,1
0,1
0,1
0,1
0,1
15,0
2,1
0,1
0,2
0,1
0,1
0,1
0,2
0,2
2,1
4,1
11,1
0,1
1,1
2,1
24,1
1,1
0,1
0,1
3,1
58,2
40,1
131,1
12,1
60,0
7,2
0,2
4,0
10,2
116,2
23,1
56,2
32,2
20,2
8,2
5,2
10,2
17,1
2,2
9,1
28,2
4,2
12,2
11,1
24,2
4,1
4,1
7,1
4,1
60,2
19,1
3,2
2,2
3,1
3,1
1,1
0,1
0,1
1,2
2,1
3733,2
198,2
50,2
123,1
13,1
947,1
50,2
16,1
4,2
4,2
9,2
11,2
1,2
0,2
27,2
1,2
3,2
0,2
2,2
52,2
8,1
0,2
4,2
4,2
1,2
0,1
0,1
0,2
0,1
5,1
12,1
9,2
7,1
5,1
7,2
5,1
8,1
6,1
6,1
4,1
3,1
4,1
2,2
9,1
4,2
2,2
0,1
1,2
3,1
54,0
15,2
54,2
1,1
0,1
0,1
6,1
6,2
0,1
1,2
19,2
16,2
20,2
2,2
13,1
12,2
2,1
4,1
10,2
0,2
6,1
0,1
0,1
0,1
0,1
0,1
1,1
1,1
0,1
0,1
10,2
2,2
0,2
1,2
0,2
0,2
1,2
2,2
2,2
1,1
0,1
0,1
0,1
0,1
0,1
1,1
1,1
0,1
0,2
0,1
5,1
5,1
2,1
4,1
4,1
3,1
2,2
3,1
3,1
3,1
2372,1
126,2
32,2
13,2
280,1
12872,2
17,2
9,2
4,2
3,2
3,2
7,2
3,2
3,1
8,2
2,1
0,1
2,1
1,1
1,1
613,1
45,1
414,1
9,2
11,0
44,1
93,2
33,1
4,2
93,2
34,0
2,2
2,2
7,0
2,2
5,2
3,2
3,0
4,0
2,2
9,1
9,2
10,2
1,1
11,2
11,1
7,2
3,2
7,1
85,1
13,2
1,2
70,2
3,2
90,1
2,2
0,2
15,2
44,2
435,1
7,1
8,2
6,2
5,1
4,1
1,1
4,1
2,1
1,2
4,1
746,1
619,1
1068,1
49,1
161,1
47,2
46,1
121,1
24,1
27,2
3,2
1,2
4,2
2,2
1,2
32,1
2,2
1,2
1,2
4,2
37,1
1,2
6,2
10,2
4,1
3,1
0,2
1,0
2,2
3,2
161,2
25,1
18,2
79,2
131,1
57,1
259,2
26,2
4,0
16,0
10,2
1,2
0,2
24,2
0,2
0,2
0,2
0,2
2,2
90,2
2,2
8,0
6,1
2,0
6,1
1,2
9,2
12,0
1,1
120,2
5,1
12,0
4,1
0,2
5,2
1,2
4,2
10,1
1006,1
630,2
118,2
2,2
23,2
201,2
21,2
3,2
0,2
7,2
0,2
1,2
5,0
0,2
14,1
77,1
0,1
1,1
2,0
12,0
5125,2
4948,2
2057,2
1530,1
692,0
960,2
1033,2
367,2
131,2
3287,1
92,1
2616,1
1210,2
306,2
416,2
184,2
321,0
35,2
59,2
332,0
22,2
53,1
13,2
71,2
10,2
26,2
3,2
23,1
5,2
16,2
1960,2
590,0
231,2
749,2
95,1
92,2
154,2
51,2
40,2
214,2
1896,1
1428,2
307,2
320,2
85,2
573,0
26,2
32,2
28,2
16,1
5410,1
3160,2
1973,0
521,2
197,1
55,2
244,0
132,2
50,2
2804,2
0,1
4,2
50,2
0,2
4,1
4,1
5,1
5,2
14,1
5,1
200,2
1829,1
3189,0
2524,0
710,2
235,1
44,2
330,0
17,2
56,1
10131,0
928,0
10746,0
4146,2
1885,0
1942,0
508,0
4595,1
280,1
333,1
47,2
2373,2
1269,2
1169,2
1986,2
267,2
264,2
425,2
126,2
112,2
2,1
172,1
23,0
33,1
3,0
17,1
0,1
1,1
4,2
0,0
5521,2
1312,0
4011,2
981,2
1166,2
2005,2
93,0
1694,2
112,2
341,0
499,1
815,2
126,2
189,2
79,2
90,2
39,2
18,1
76,2
280,0
0,2
23,2
78,2
1,2
0,2
10,2
9,0
1,2
5,0
0,0
9397,2
11505,2
16976,0
6768,1
6565,2
4987,2
897,2
9222,1
1025,2
11041,1
329,2
342,2
782,2
892,2
286,2
71,0
41,2
54,2
31,2
11,2
5246,2
19025,1
5365,1
11836,0
286,1
12603,1
3794,1
1369,0
1972,0
48,2
11,2
770,1
150,1
41,2
37,2
117,2
47,1
3,2
19,2
4,2
2479,2
2203,2
1189,0
2375,0
2778,0
122,1
774,0
560,2
205,0
4,2
24,2
1065,2
1475,1
461,2
257,2
507,2
116,2
12,2
86,2
189,2
405,2
197,2
336,2
103,2
898,2
115,2
115,2
20,2
84,2
24,2
93,2
33,2
47,2
17,2
1,1
10,0
7,1
12,2
5,2
4,0
4448,2
6915,1
955,2
3351,0
1048,2
1736,0
1698,0
6715,1
350,2
2827,2
533,0
321,0
4,2
12,2
79,1
24,0
15,1
3,1
3,1
17,0
25,1
244,1
1405,1
819,2
30,2
72,2
167,2
19,2
166,2
92,2
20,0
7,1
25,0
15,2
6,2
7,0
13,2
6,0
6,2
9,1
61,2
1667,2
726,2
224,2
681,1
270,2
675,2
66,2
4,2
70,2
35,0
36,2
40,2
19,0
43,2
28,2
36,1
17,2
17,2
18,2
19,1
74,2
29,0
11,2
3,2
52,1
5,1
8,1
2,1
41,0
3,2
65,1
24,2
8,1
4,0
1,2
10,2
0,2
0,2
9,1
210,2
89,1
45,2
21,2
4,2
26,0
5,1
1,2
2,2
3,2
15319,0
2703,2
211,2
71,0
468,2
14867,1
126,2
42,1
537,2
118,2
340,2
67,2
554,1
101,1
15,2
2,1
14,2
95,2
13,2
11,2
35,1
73,1
86,1
879,1
15,0
29,1
43,1
13,1
2,1
19,1
66,1
208,0
46,0
53,1
75,0
391,0
28,0
138,0
76,0
93,0
281,2
5319,2
1000,2
2640,0
109,1
603,2
164,1
805,0
676,0
243,2
2457,1
698,2
2482,1
127,2
892,2
414,2
271,2
141,2
56,2
34,2
1,2
263,2
373,1
206,0
813,1
46,1
522,1
71,2
52,2
172,0
20,2
188,2
275,1
96,2
86,2
43,0
28,1
46,2
53,2
44,0
0,2
312,2
109,1
143,2
507,1
17,2
47,2
23,1
34,2
0,2
6211,1
8015,0
4974,1
5052,2
6270,0
1970,1
1272,0
2612,1
768,2
3777,1
18,1
25,2
59,2
1,2
2,2
26,2
25,2
8,2
4,2
16,2
54,2
25,2
36,2
11,2
8,2
0,2
63,2
31,2
9,2
3,1
0,1
181,2
221,2
845,2
27,2
8,2
57,2
16,2
4,2
2,2
33260,1
9949,1
4597,2
970,2
3616,1
18829,1
391,2
679,1
842,0
36,1
11006,2
28939,2
54,2
30,2
40,1
48,2
52859,2
2,2
2,2
2,2
59093,1
25900,2
120,2
68,2
19,1
35,2
72490,2
2,2
38,1
127,2
84752,2
37577,2
17,2
329,2
434,0
2,2
16164,2
19,2
8,2
1,2
45520,1
52159,0
702,2
74,1
68,2
49,2
7316,2
2,2
2,2
3,2
4702,1
1788,0
52,2
24,1
1,2
0,2
1743,2
1,1
0,2
0,2
159232,2
32974,2
135,2
4,2
27,1
23,2
39113,2
1,2
4,2
17,1
4411,1
5,2
102,1
91,2
0,2
1774,2
1,2
7,2
2,2
1,0
891372,2
469175,2
13,2
134,2
462,2
7,0
378181,0
161,2
48,2
69,2
11961,2
34,1
5,2
9,1
0,2
7370,2
0,2
15,2
1,2
2,2
98,2
19,2
20,1
363,2
65,1
16,2
5,1
0,1
64,1
1536,1
2530,2
271,1
4,2
17,2
3,2
317,2
4,2
14,2
8,2
0,2
5884,2
129,1
48,2
6,1
99,1
51003,2
5,1
8,1
15,2
2,2
90919,1
195704,1
66,2
5,2
97,1
10,2
4018,1
0,2
7,2
16,2
268266,2
124829,0
13,2
0,2
27,2
30,2
181924,0
13,2
28,2
96,1
15261,2
20,2
28,2
2,2
4,2
4306,2
4,2
1,2
4,2
0,2
121,2
1,2
0,2
0,2
69,1
9,1
96,2
12,2
8,1
8,2
63172,2
84465,1
512,2
14,2
107,2
0,2
4235,0
4,2
0,2
8,2
260871,1
2457,1
740,1
71,1
257,1
35,2
18811,1
43,1
3,2
17,1
65582,2
67634,2
230,2
0,2
48,1
0,2
11799,2
112,2
58,2
0,2
232310,0
31286,2
456,0
166,2
14,2
39,2
47942,0
13,1
2,2
25,2
16886,2
3,2
45,2
1,2
0,2
1702,0
68,2
1,2
0,2
0,2
112148,0
3513,1
346,1
109,2
29,1
35,1
1707,1
95,1
19,2
26,1
35106,1
26521,2
1592,1
134,2
76,2
96,2
34177,2
20,2
18,2
22,2
122399,2
46980,2
244,2
35,2
17,2
5,2
5753,2
9,2
26,2
7,2
348,2
97,2
13,2
34,2
3,2
3613,0
2,2
1,2
17,2
1,2
2225,0
2404,1
1226,2
52,2
131,0
6918,0
23,2
3,1
0,2
0,2
23987,1
37,2
35,2
0,2
4,2
3348,2
0,2
0,1
7,2
0,2
171546,2
69117,1
63,2
34,2
1,2
3,2
66352,2
15,2
8,2
8,2
159877,0
5349,2
7,2
28,0
1,2
8,1
12256,1
4,2
12,2
0,2
98433,1
159170,2
181,2
143,2
1,2
35,2
53609,2
54,2
7,2
5,2
9256,1
60,2
77,2
24,2
34,2
1554,2
0,2
47,2
1,2
1,2
216,1
1305,2
672,0
172,0
47,2
1165,1
73,2
29,2
1,2
2,2
69249,0
5739,1
153,2
320,2
24,2
27,0
2749,0
6,2
49,2
7,2
71589,2
28430,1
145,1
42,0
159,1
4,1
19648,1
155,1
16,2
4,2
915,2
337,1
17,2
18,2
6,2
0,2
8,2
5,2
7,2
136,2
6275,1
211,2
230,1
58,2
9,2
4033,2
28,2
17,1
4,1
0,1
4744,2
444,2
74,2
87,2
10,2
2453,2
390,2
213,2
5,2
0,2
218435,0
158853,2
62,2
338,2
35,2
26,1
107219,2
19,2
0,0
0,2
115798,2
13104,1
431,2
15,2
79,2
29,2
4487,2
9,2
24,2
15,0
998,1
25,2
0,2
0,2
10,2
308,2
6,2
4,2
6,2
4,2
156388,0
6790,2
248,2
593,1
18,2
208,1
87696,1
97,2
15,2
12,2
165547,0
18675,1
1557,0
89,2
2,2
4,0
6740,0
7,1
5,2
4,2
11661,2
70,2
53,2
5,2
20,2
2341,1
6,2
5,2
4,2
3,2
13048,1
303,2
604,0
286,1
66,1
19233,0
72,2
2,2
55,0
142,0
10065,2
99,2
1,2
24,2
0,2
997,2
0,2
0,2
1,2
0,2
4710,2
31,2
20,2
7,1
2,1
3275,0
12,2
2,2
42,2
5,2
22099,2
28,2
4,2
5,2
6,2
8460,2
3,2
7,2
3,2
2,2
18603,2
41,2
61,2
19,2
13,2
393,2
2,2
11,2
0,2
1,2
11742,2
358,0
155,2
154,2
32,2
10785,2
5,2
9,2
8,2
15,2
744,2
74,2
6,2
2,2
0,2
6,2
1,2
0,2
0,2
538,1
226,1
102,0
569,0
542,2
426,0
385,1
425,0
78,1
188,2
23,1
50,1
4,1
4,0
6,1
29,2
21,1
35,2
0,0
5,2
3,0
416,0
305,1
605,0
455,2
352,0
218,0
228,0
30,1
103,1
213,0
24,0
7,1
63,0
4,0
29,0
40,1
8,1
55,0
19,0
40,1
1,1
1,1
0,1
0,1
0,1
0,1
1,1
2226,0
1064,0
958,0
1003,0
81,1
198,1
400,0
643,0
689,0
206,1
397,0
53,2
50,0
90,0
230,1
28,0
25,0
61,2
7,0
118,0
471,0
307,0
466,0
55,0
37,0
149,0
135,0
99,0
186,0
44,0
1012,2
54,2
16,2
36,0
676,2
125,0
44,2
51,2
63,2
9,2
91,0
100,0
24,2
261,1
2,1
6,2
47,0
7,0
1,0
7,0
254,1
533,0
75,0
176,0
104,2
158,1
156,1
68,0
145,2
122,2
26,0
107,1
101,1
580,0
31,0
410,2
3,0
205,0
124,1
7,0
617,0
192,1
245,1
97,0
211,1
71,1
58,0
389,0
225,0
203,0
31,1
33,1
24,1
46,2
16,1
12,1
21,1
34,1
6,0
43,1
74,0
172,0
227,0
56,0
29,0
1604,0
36,0
4,0
18,0
25,0
93,0
9,0
1,0
43,0
10,0
8,1
10,0
5,0
75,0
7,0
32,2
136,1
245,1
29,2
557,1
164,2
4,0
8,2
2,0
4,1
68,0
11,0
3,2
256,0
58,2
3,2
2,0
219,0
9,2
43,2
1916,1
5,0
5,1
5,2
39,1
593,0
7,1
4,2
3,1
27,0
31,1
2,1
20,1
2,1
0,1
0,1
12,1
3,1
0,1
1,1
39,0
13,2
10,0
16,1
48,0
27,0
73,0
59,0
6,1
92,1
233,1
8,1
30,1
7,2
5,2
6,2
28,2
13,0
96,0
34,1
228,1
4,2
33,0
19,2
6,2
214,0
38,1
123,2
12,2
32,2
437,0
240,1
31,0
180,0
532,0
14,0
13,1
27,0
7,1
9,0
233,1
317,1
441,1
212,0
256,0
285,0
285,2
301,0
144,0
36,0
569,1
415,1
62,0
402,1
90,1
132,1
181,1
317,0
105,0
29,0
29,1
275,0
107,1
144,1
317,1
63,1
47,0
521,0
274,1
389,1
2487,1
22,0
10,1
6,1
28,1
3131,0
6,0
52,0
5,0
8,0
2323,0
119,0
20,0
23,0
4,0
444,0
74,0
9,0
6,0
2,1
113,0
19,0
13,0
107,2
286,1
113,1
2,1
49,2
110,1
114,1
308,1
10,1
88,0
209,1
227,0
41,1
118,1
153,0
17,1
52,0
17,1
30,1
18,0
43,0
4,0
8,0
13,0
16,0
2,0
0,0
580,1
236,1
321,0
233,0
103,0
395,0
225,0
90,0
255,2
65,0
497,1
246,0
17,0
66,0
240,0
40,0
22,0
47,0
426,1
150,0
1040,1
309,0
299,0
713,0
140,0
340,0
15,0
24,0
25,0
739,0
853,0
81,1
19,0
276,1
67,0
1565,0
18,1
26,0
47,0
17,0
2692,0
523,0
85,0
29,0
75,1
451,0
57,0
46,0
107,1
64,1
408,1
111,0
223,0
415,0
61,0
179,0
252,0
42,0
41,0
36,0
365,0
38,2
40,2
26,1
25,0
293,2
41,2
15,2
215,1
18,1
17,1
24,0
31,1
20,1
8,1
6,0
7,1
0,0
2,1
2,1
100,0
2,1
4,2
203,0
1,0
1,1
2,1
7,1
0,0
23,0
1165,0
298,0
54,2
28,2
529,0
411,2
253,2
255,0
238,0
65,0
650,0
38,0
32,0
333,0
381,2
113,0
228,0
94,1
134,0
304,0
26,1
214,2
4,0
29,0
26,2
472,0
0,0
1,2
0,1
3,0
313,0
24,0
244,0
51,2
51,2
621,0
7,2
127,1
71,2
2,0
303,0
9,0
212,0
125,0
56,0
342,0
51,0
14,0
44,2
160,0
1331,0
333,1
414,0
4,0
29,0
333,0
5,1
5,0
10,0
6,0
308,0
97,0
67,0
23,0
108,0
17,2
93,0
10,0
8,2
9,2
86,1
27,0
65,0
122,0
49,0
10,0
25,0
10,0
129,0
37,0
495,0
4,2
4,2
21,0
119,0
16,1
18,1
0,2
8,1
5,0
43,2
33,2
40,2
8,2
0,2
3,2
0,2
2,2
3,2
0,2
49,2
14,2
8,1
11,2
9,2
5,2
2,2
2,2
0,2
3,2
267,1
6,2
9,2
2,2
6,2
16,2
3,2
2,2
23,1
11,2
6408,2
1975,2
736,2
244,2
543,2
130,2
90,2
13,2
2,2
7244,1
3418,2
420,2
34,2
20,2
14,2
2094,1
72,2
1,2
1,2
8,0
1002,2
364,1
396,0
488,2
234,2
3433,1
34,2
106,2
30,2
4,2
1164,2
530,2
2535,1
2606,1
524,2
120,2
281,2
31,2
54,2
923,1
9647,1
3072,2
633,2
445,2
12,2
7135,0
87,0
37,2
130,2
28,0
2339,2
3010,2
2972,2
2411,2
798,2
1383,0
315,2
126,2
82,2
31,2
3693,2
2876,2
3682,0
522,1
440,2
532,2
38,2
68,2
25,2
9,2
16528,1
16728,1
3009,1
5898,0
3269,1
2479,1
8537,1
6434,1
271,2
552,1
1,0
0,2
10330,2
438,2
930,2
46,2
151,2
18734,1
47,2
3,2
30,2
14,2
14,2
37,2
6,2
2,2
4,2
1,2
4,2
1,2
4,2
2,2
0,2
3025,2
7448,2
444,2
3713,1
2065,1
707,2
276,0
1995,1
1410,1
790,0
83,2
97,2
141,2
240,2
34,2
13,2
7,2
11,2
42,2
10,2
277,2
11196,1
613,2
518,2
212,2
88,2
2138,2
114,2
67,2
174,2
367,1
246,1
85,2
26,2
21,2
246,2
9,2
5,2
3,2
10,2
652,2
1810,1
2233,2
1922,2
717,2
316,2
40,2
491,2
913,2
172,2
23,2
25,2
7,2
8,2
4,2
8,2
7,2
0,2
6,0
7,2
1968,2
7138,2
855,1
57,2
145,1
90,2
19583,1
211,2
33,2
8,2
1432,1
29702,2
2211,2
791,0
638,2
337,2
19710,2
256,2
70,2
169,2
23574,1
10216,0
10200,0
4636,1
3957,2
17434,1
2326,1
5145,1
1152,1
1616,1
464,2
1154,2
259,2
90,2
75,2
4,2
7,2
4,1
16,2
7,1
2594,2
829,2
147,0
38,2
108,2
78,2
12,2
84,2
15,2
2007,0
120,1
2260,2
1546,2
519,1
314,2
117,1
138,1
506,2
68,2
114,2
1416,2
20207,1
682,0
26,0
556,2
113,2
7911,1
279,2
50,2
23,2
175,2
2258,2
1188,2
612,2
548,0
7426,2
269,2
166,2
427,1
101,2
612,0
130,2
405,2
47,2
1161,1
10,2
237,2
24,2
13,1
156,0
3663,2
1867,1
3641,0
389,2
345,2
304,1
509,0
29,2
953,2
5,2
34776,1
2566,2
556,2
637,1
181,2
25414,2
379,2
132,2
30,2
53,2
6811,2
2384,0
449,2
627,2
449,2
31,2
76,0
237,2
46,2
2839,2
1297,2
318,2
424,1
950,1
96,1
1046,2
40,2
112,1
199,2
23,1
21,2
36,2
78,2
24,2
13,2
9,2
25,2
5,2
11,1
19,2
7092,1
2999,2
2031,0
619,2
792,0
638,2
175,2
429,0
757,2
3279,1
1095,1
2204,2
1386,0
4336,0
3035,1
2,2
2938,1
23,2
2,2
1,2
20,1
17,2
29,0
2,0
41,1
8,1
14,1
1,2
1,2
5,1
445,1
250,2
273,2
136,2
153,1
527,2
138,2
206,1
25,2
52,2
151,1
2721,1
2546,1
443,0
370,1
739,2
223,2
92,2
470,1
545,1
2700,0
1417,1
2368,1
715,1
946,2
893,1
233,1
19,1
320,2
413,1
6694,2
290,2
123,2
103,0
226,2
2223,1
47,2
1973,1
428,2
23,2
2448,1
616,0
661,2
1965,1
76,2
278,2
129,0
185,2
404,0
55,2
1703,2
463,1
219,2
375,2
165,2
47,0
124,1
35,2
37,2
16,2
3593,1
223,1
142,2
93,2
23,2
1877,2
79,1
72,2
34,2
22,2
5967,2
272,2
3297,1
1272,1
47,2
87,2
5429,0
108,0
573,1
4,2
1398,2
604,2
1556,1
449,2
59,0
296,0
137,2
84,2
421,2
41,2
3473,2
2635,2
1499,2
2162,2
780,2
603,2
561,2
642,2
328,2
371,1
6409,1
3789,1
756,2
4804,0
4599,1
570,1
2862,1
151,2
762,1
15,2
1226,1
1838,0
1426,0
407,0
875,0
403,2
722,1
73,2
301,2
42,2
5297,2
3055,2
8104,1
408,1
877,2
3384,0
1424,0
17,2
4212,1
1154,0
31,2
6,0
0,2
10,2
0,2
8,2
3,2
1,2
4,2
2,2
1055,2
1088,0
816,2
528,2
299,2
68,2
133,0
47,2
108,2
103,1
953,1
16240,2
629,2
91,2
113,2
15,2
3426,1
41,1
3,0
21,0
4659,1
2438,2
2966,2
423,2
6093,2
326,2
67,2
19,2
810,2
80,2
2402,2
2889,2
6718,1
3855,1
598,2
1101,1
338,2
5277,0
79,2
812,0
307,1
1783,0
288,2
504,1
4045,2
157,2
43,2
20,1
77,2
2582,1
425,2
434,2
485,1
2600,1
2984,1
224,1
554,0
2503,1
2,2
50,0
291,2
15,2
53,2
85,2
266,2
142,2
18,2
30,2
10,2
24,2
3804,0
1522,0
378,2
211,2
52,2
105,2
82,2
209,0
9749,2
43,2
2125,0
2427,0
3438,2
2988,1
367,0
1799,2
576,1
98,2
124,1
59,1
2121,2
413,1
30,2
20,2
4,2
10,2
2,2
2,2
2,2
2,2
147,1
1713,2
2289,1
2296,2
3145,2
402,2
541,2
545,2
719,2
103,2
374,2
150,2
114,2
47,2
22,2
25,2
8,2
28,2
7,2
9,2
1409,1
13814,1
2387,1
749,1
123,2
5589,2
32,2
10,2
8,2
6,2
3887,2
1820,2
942,2
634,2
898,1
261,2
137,2
41,2
660,2
72,2
189,1
101,2
24,2
14,2
330,0
62,2
4,2
0,1
4,1
0,2
2152,1
234,1
382,2
452,0
100,1
53,1
14,0
122,1
70,2
9,1
7588,2
486,2
368,2
73,1
698,2
28575,2
191,2
275,2
41,2
107,2
181,1
110,2
89,2
621,1
61,2
14,2
815,2
19,2
0,2
85,2
46232,1
4020,1
1801,1
738,0
333,2
13125,0
96,1
85,1
67,2
61,2
4706,1
944,2
1855,2
206,2
873,2
21,2
70,2
60,2
15,2
16,0
993,1
164,2
86,2
13,1
161,1
455,2
698,1
60,2
39,1
5,1
97,2
52,1
77,1
33,2
152,2
5,2
60,2
14,2
157,0
4,2
1109,1
4107,2
492,2
4160,1
2503,2
85,1
3061,1
101,2
34,2
1608,2
523,1
403,1
2028,0
23,2
10,1
108,1
2,1
0,1
0,1
1,2
629,2
153,0
452,1
46,2
883,1
28,1
208,1
18,2
33,2
6,1
1796,2
2009,2
226,2
23,2
28,2
64,2
13,2
85,2
85,2
123,2
446,1
95,1
26,2
62,1
35,1
51,1
315,0
44,0
14,1
12,0
24195,2
508,0
79,2
23,2
23,2
3166,1
7,1
4,1
1,2
10,2
317,2
244,2
114,2
24,2
12,2
14,2
17,1
6,1
0,2
11,2
803,1
3571,1
65,2
41,2
3,2
48,2
233,2
10,2
3,2
0,2
521,2
1689,2
59,2
53,2
76,2
14,2
1389,2
7,2
10,2
7,2
1723,2
756,0
6,2
66,1
24,1
57,2
24,1
2,1
13,2
11,1
643,2
421,2
454,2
24,1
80,2
11,2
192,1
7,0
8,2
3,2
4547,1
2868,0
53,2
67,0
13,2
6,2
2275,1
14,2
1,2
6,2
1069,2
1299,2
710,2
93,2
20,1
4,2
18,1
16,2
17,2
8,2
669,1
709,2
33,2
54,2
7,2
7,2
4,2
7,2
5,2
20,0
1,1
69,2
2554,2
11,2
7,1
10,2
17,2
2,2
0,2
1,2
27,2
9,2
0,2
2,2
1,2
1,2
1,2
0,2
1,2
5,1
44,1
112,2
129,2
97,2
22,2
505,2
125,1
4,1
16,2
53,2
0,2
2,1
4,2
3,2
1,1
0,0
3,1
8,0
3,2
11,0
66,2
33,1
0,2
0,2
0,2
0,2
2,2
1,0
0,2
0,2
665,0
559,2
102,2
9,2
26,2
9,2
1355,2
3,2
1,2
5,2
137,1
573,2
203,2
39,2
33,2
200,2
10,2
46,2
11,2
2,2
3734,0
1361,2
2997,2
1115,1
260,2
1145,0
104,2
124,2
397,1
9,2
11073,2
1371,2
488,2
183,2
254,2
4794,2
148,2
59,2
69,1
72,2
1316,1
7482,2
83,2
10,2
10,2
1,2
1460,2
3,2
4,2
77,2
188,1
43,2
15,2
6,0
1,0
3,0
0,1
5,0
14,0
1,0
506,2
74,2
124,2
141,2
85,2
81,2
11,2
24,2
4,2
15,2
127,0
212,0
598,1
59,2
36,2
111,1
84,1
133,1
178,0
370,1
3367,1
316,1
26,2
7,2
43,2
1101,2
116,2
17,0
12,1
28,2
734,1
11,1
57,0
3,2
23,0
71,0
13,0
16,0
8,1
1,1
22,1
467,2
236,1
67,2
175,2
63,2
24,2
2,2
7,2
20,2
162,1
1678,2
652,1
421,1
37,2
12,2
126,2
166,2
17,0
27,2
36,2
88,1
4,2
19,2
8,2
5,1
6,1
4,2
0,0
5,2
2932,1
1622,2
304,2
733,2
584,0
42,2
55,2
32,2
8,2
7,2
19,1
3,2
2,2
9,2
1,1
5,2
1,1
1,2
0,2
1,2
3389,2
239,1
1486,1
203,2
417,2
165,2
229,2
181,2
908,1
23,2
1,2
1,2
0,1
1,2
0,1
0,1
23,0
1,0
4,2
8,1
4474,1
1468,2
2368,2
621,1
807,1
1840,1
19,2
165,2
16,1
2053,1
1152,1
6,2
6,1
9,2
7,1
16,2
4,2
0,1
4,1
1,2
3108,2
399,2
436,2
606,2
1510,1
101,2
25,2
24,2
6,2
5,2
2373,2
349,2
169,2
18,2
3274,2
8,2
17,2
10,2
95,2
1341,2
3925,2
155,1
1068,2
548,2
196,1
289,2
219,2
23,2
4,2
2060,2
2436,2
6341,2
3913,2
343,2
17,2
810,2
4281,0
1505,1
382,2
42,2
7706,1
6592,1
3692,1
643,1
1690,1
35,2
1655,0
4,2
4,2
1,2
90,1
54,1
262,2
144,1
40,2
50,1
23,2
84,2
5,1
6,2
11801,2
1776,1
518,2
80,2
89,2
15321,1
101,1
35,2
42,2
123,1
7422,0
1039,1
218,2
285,2
16,2
18,2
1252,1
2,2
18,2
56,2
415,2
3762,1
2520,0
1407,2
962,1
1350,1
711,1
166,2
482,1
213,1
269,2
80,2
357,1
844,0
374,2
40,1
12,2
10,2
21,2
168,2
10128,1
5254,2
3670,0
5703,2
2134,1
4995,1
5536,2
586,2
1973,2
983,2
106,2
100,2
511,2
272,2
221,2
169,2
324,2
27,2
19,2
20,2
432,1
17,2
169,2
33,2
20,2
3,2
1,2
312,2
5,2
0,1
1195,1
6742,1
444,2
2231,1
2775,1
8837,2
113,0
897,2
773,0
243,0
37,2
9,2
0,1
4,2
0,1
3,2
0,1
3,2
18,1
1,1
1008,1
371,1
615,2
168,2
10,2
15,2
6,2
3,2
95,2
4,2
275,1
1346,2
931,2
614,2
262,2
497,2
445,2
328,2
173,1
281,2
143,1
1960,2
1125,2
561,2
101,2
82,2
329,2
152,2
39,2
2,2
4,1
36,2
14,2
3,2
11,2
5,1
4,1
4,2
4,1
3,2
1194,2
2030,2
2235,2
2108,2
358,2
456,2
510,2
141,2
172,0
1420,2
2028,2
223,2
288,2
689,2
95,1
756,2
33,2
43,2
10,2
12,2
621,1
266,2
90,2
93,2
77,2
56,1
129,0
122,2
4,1
298,2
4,1
83,2
158,1
46,2
65,0
37,2
23,2
83,0
10,2
56,2
215,0
132,2
5,2
21,2
7,2
0,2
24,2
15,0
1,2
17,0
646,2
159,2
113,2
47,2
3,2
10,2
4,2
22,0
2,2
2,2
1119,1
4113,1
2998,0
2248,2
5204,1
303,2
1584,1
6176,0
222,1
854,1
284,1
5049,2
2582,2
1556,2
984,2
1113,2
784,2
928,2
267,2
215,2
117,2
1546,0
51,2
41,1
321,0
10,2
19,2
6,2
5,2
40,0
187,0
1893,2
1404,2
3049,0
2168,1
2205,2
632,0
3073,1
392,2
109,2
409,2
37,2
6,1
531,1
4,2
3,2
9,2
7,2
25,1
3,2
75,2
42,1
211,2
38,2
38,2
3,2
86,2
7,2
0,2
0,2
91,2
4,2
222,2
68,2
45,1
833,2
10,0
18,2
15,2
47,2
24,2
58,2
10,2
4,2
8,2
10,2
0,2
17,1
0,2
0,2
926,2
1471,2
171,2
381,2
45,1
26,2
27,1
51,2
86,1
7,2
518,2
296,2
142,2
47,2
17,2
7,2
17,2
3,2
86,2
33,2
75,1
460,2
284,0
138,2
41,2
35,2
54,2
37,2
20,1
20,2
269,2
284,1
28,2
11,2
4,2
2,2
0,2
4,2
26,2
1,2
9,1
54,2
2,2
5,2
1,1
12,2
4,1
15,1
1,2
1,1
1693,2
125,2
374,2
49,2
1432,2
73,2
161,1
5,2
16,2
495,0
2551,2
1292,2
937,0
543,2
1436,1
92,2
1675,2
931,1
282,2
31,2
3254,1
1420,1
331,2
1492,1
2,2
136,0
14,2
71,2
1,2
1,2
213,2
137,1
12,2
23,2
3,2
4,2
245,2
1,1
4,1
0,1
40,2
1271,1
350,1
27,2
242,1
106,2
124,2
82,2
155,0
14,1
0,1
0,1
0,1
1698,2
63,2
368,2
534,1
11,2
12,2
3,2
7,2
5,2
3,2
56,1
1759,0
845,0
265,1
551,2
271,2
195,2
534,1
55,1
87,2
675,2
292,2
83,1
216,1
48,2
1,2
179,2
7,1
40,2
5,2
149,2
219,0
420,2
178,2
23,1
5,1
4,2
7,2
2,2
0,2
5610,2
301,2
161,2
65,2
68,2
1846,2
73,2
18,2
29,2
22,2
499,2
349,2
161,2
45,2
6593,2
102,2
45,0
49,2
36,2
1755,2
29,1
221,2
127,2
31,2
60,2
135,2
11,2
123,2
5,2
40,2
5026,2
196,1
98,2
599,1
209,2
3756,2
196,2
21,2
53,2
6,2
27,2
19,1
68,1
70,2
16,2
19,0
23,1
45,2
4,0
7,2
4608,1
626,2
243,2
249,2
102,2
166,2
25,2
276,2
43,2
1907,2
225,2
140,2
53,1
341,2
54,2
65,2
28,2
31,1
73,2
24,2
15344,2
413,2
103,2
108,2
29,2
3107,2
22,1
239,1
21,2
1,2
25,2
5,1
5,2
1,1
4,2
1,1
2,2
1,1
1,1
2,1
1732,2
413,2
41,2
246,2
119,2
1380,2
136,2
36,2
180,2
128,2
21,2
57,1
5,1
4,2
6,2
5,2
4,1
7,2
2,2
3,1
78,2
131,2
38,0
54,0
43,0
140,0
15,0
97,0
50,0
80,2
18,1
62,0
64,2
33,2
107,1
12,1
35,2
8,2
2,2
2,0
20,2
49,2
16,2
24,2
39,2
4,0
3,2
5,2
5,0
1,0
10129,2
3220,2
1634,2
589,2
2819,2
9103,2
2216,2
573,0
442,2
375,2
0,1
0,1
0,0
0,1
0,1
0,1
3,0
1,0
0,1
2,1
29,2
25,2
42,1
8,1
1,2
2,1
11,2
3,2
7,1
4,1
98,1
90,2
29,2
58,2
25,2
12,0
31,1
145,2
6,2
4,2
297,0
221,1
293,2
91,2
194,2
43,2
134,2
124,2
85,2
206,1
2300,1
919,2
7,2
6,2
207,2
1,2
5,1
40,1
0,2
2,2
5,1
5,2
1,1
1,2
1,1
4,1
1,1
1,2
2,1
1,1
140,2
12,2
61,2
19,2
39,2
13,1
0,2
5,2
5,2
5,2
581,2
191,2
15,2
140,2
53,2
73,1
1,2
9,0
104,2
76,2
12478,1
1185,2
51,2
136,2
302,2
1653,2
297,2
216,0
291,2
131,2
2168,0
27,2
11,2
7,2
1,2
971,2
3,2
0,2
1,2
1,2
91,2
50,1
37,2
17,2
94,2
41,2
7,2
17,2
4,2
79,2
583,2
56,2
118,2
59,2
47,2
33,2
18,2
401,2
7,2
19,2
932,2
3206,1
54,1
13,2
28,2
5,2
3483,1
15,1
4,2
8,2
13008,2
11123,2
1,2
9,2
6,2
1,2
1273,2
3,2
1,2
0,2
46718,1
753,1
279,0
892,0
170,2
42681,1
14,0
121,1
25,0
8,0
49,1
11,2
26,2
14,2
14,2
12,2
7,2
1,2
10,2
6,2
301,1
27,2
371,2
62,2
2,2
4,2
31,2
9,1
28,0
3,2
3278,2
360,2
665,2
212,1
245,2
41,2
44,2
36,2
32,2
20,2
96,2
73,0
32,2
6,2
21,1
6,0
16,1
12,0
50,2
1,2
133,1
34,2
12,1
14,1
3,1
3,1
0,1
10,1
2,1
13,1
2,1
3,1
3,1
2,1
3,1
1,1
2,1
6,1
2,1
1,1
8140,0
19390,1
2634,0
1196,0
303,2
78,1
4383,0
436,2
188,2
81,2
3686,2
753,2
199,2
188,2
84,1
7839,2
46,2
30,2
24,2
17,2
418,1
1506,0
1513,0
1760,1
690,1
647,0
381,0
490,0
526,0
529,1
12,1
9,1
4,1
10,1
5,2
6,2
5,1
3,1
5,1
7,2
227,2
435,2
25,2
96,1
284,2
366,2
290,1
76,2
1,2
71,1
283,1
33,0
191,2
12,0
8,0
19,0
60,1
77,2
40,0
31,2
2522,2
788,2
621,2
294,2
313,2
194,2
112,2
174,2
67,2
3254,2
817,2
144,2
14,2
152,2
6,2
204,2
95,2
11,2
41,2
2,2
111,1
565,0
277,1
791,0
77,1
446,0
82,0
12,1
44,2
62,2
51,1
101,2
36,2
44,2
33,1
46,1
31,1
3,2
8,2
8,2
354,2
520,2
182,2
56,2
177,2
84,2
104,2
49,2
17,2
44,2
245,1
725,2
855,2
277,1
18,2
132,2
47,2
9,2
31,2
13,2
14,1
41,2
21,2
74,2
5,2
32,0
6,2
7,0
5,2
4,2
3,1
29,1
101,1
7,2
39,1
10,2
8,2
2,1
6,2
3,1
5020,1
870,2
10,2
69,1
6,2
985,2
22,2
4,2
26,2
6,2
23,2
24,1
73,1
18,0
13,1
39,1
8,0
5,0
35,1
12,1
18,1
9,2
15,2
13,2
15,2
8,2
6,1
3,2
6,2
0,2
391,2
1924,2
585,2
474,2
244,2
66,2
3,2
4,2
3,2
1228,2
1610,1
933,2
76,2
13,1
26,2
13,2
2343,2
4,2
7,2
9,2
44,1
98,0
207,0
28,2
64,2
37,2
12,2
13,2
85,2
5,0
0,1
0,1
0,0
0,1
0,1
0,1
3,0
1,0
0,1
2,1
2112,1
2805,2
148,1
14,2
26,2
1,2
6134,1
8,2
27,2
8,2
70,2
98,0
151,2
224,2
452,2
120,2
21,2
78,2
36,1
39,2
615,2
328,0
195,0
88,2
9,0
5,1
19,1
8,0
3108,1
4,1
15,2
3,2
5,2
16,1
15,2
6,2
1,2
1,2
15,1
20,2
11,1
22,2
108,2
2,1
21,0
17,2
9,2
1,2
9,2
9,2
19,2
15,2
27,2
5,1
8,2
1,2
1,2
2,2
4,2
5,2
4511,1
256,2
118,2
40,2
9,2
1215,2
305,2
5,2
50,2
1,2
6,2
30,2
8,2
76,1
0,2
22,2
39,2
0,1
1,0
2,1
8261,2
19,2
18,2
76,2
13,2
1435,0
0,2
46,2
0,2
2,2
654,2
347,2
343,2
121,2
131,2
56,2
33,2
30,1
19,2
37,1
46,0
53,1
22,2
8,2
25,0
3,1
2,1
5,2
3,2
6,1
5,1
0,1
6,1
0,1
3,1
0,1
0,1
2,1
11,1
2,1
18,0
6,2
16,2
9,0
0,1
0,1
1,2
1,1
0,1
2,1
2,1
1,1
1,1
2,1
1,1
0,2
1,1
0,1
0,1
8346,2
365,0
324,1
65,2
59,2
36,1
9224,0
15,1
2,2
9,2
1152,1
1726,1
496,2
53,1
131,2
9,2
13486,1
11,2
15,1
30,2
1,0
5,2
1,2
7,0
3,2
3,0
0,1
0,2
1,2
0,2
210,2
160,2
50,2
44,2
16,1
10,2
1095,0
2,1
0,2
2,2
351,2
127,2
193,2
153,2
16,2
15,2
14,2
7,2
1660,0
3313,2
13,1
2,2
0,1
7,1
0,2
28,1
0,2
0,1
0,2
2,0
120,2
65,0
106,0
14,0
46,2
124,2
40,2
172,0
12,1
36,2
13,2
10,2
1,2
6,2
3,2
17,2
9,2
9,2
2,2
6,1
62,2
14,2
35,2
39,2
0,2
11,2
11,2
8,2
2,2
2,0
8,2
6,1
5,2
15,2
4,2
5,0
9,1
5,0
26,0
1,2
6,2
130,2
49,2
15,2
1,2
3,2
3,2
38,2
5,2
10,1
37,2
78,2
34,2
22,1
25,2
17,2
4,2
7,2
10,2
1,2
1,2
47,2
2,2
4,1
1,2
1,1
7,2
10,1
1,1
2,2
12,2
25,2
2,1
4,1
5,1
6,2
18,2
6,2
8,2
1,1
24,1
32,1
4,1
4,1
5,1
2,1
2,1
0,1
0,1
0,1
296,2
102,2
0,2
177,1
24,2
41,1
10,2
19,2
16,2
1,2
17,2
15,1
17,1
2,2
19,2
8,2
6,2
4,2
31,2
5,2
8,2
85,2
1,0
7,2
22,2
27,1
0,0
0,2
2,2
5,0
24,2
20,0
23,1
35,1
35,0
35,1
39,0
45,0
12,2
5,0
34,2
0,2
26,1
3,2
112,1
9,0
2,1
0,2
36,2
5,0
151,2
33,2
35,2
9,1
0,0
15,1
3,0
0,2
0,1
0,2
78,2
1,2
23,2
4,1
85,2
6,1
15,1
16,0
0,2
0,2
7,2
10,2
31,2
22,2
0,2
2,2
2,2
2,2
0,2
1,0
4215,1
233,2
2006,1
39,2
1609,2
42,2
3,2
4,1
35,2
2017,1
23,1
44,2
189,2
210,0
5,2
37,1
33,2
38,2
29,1
31,2
8,2
2,2
16,1
10,0
2,2
31,2
1,1
5,2
28,2
25,0
328,1
201,1
94,1
197,2
150,2
4,2
9,2
11,1
8,2
10,1
94,2
238,1
408,2
912,2
881,2
399,2
632,1
77,2
84,2
481,2
44,2
68,2
58,2
29,1
23,2
7,2
13,2
8,2
6,2
3,2
4998,2
51,2
462,2
322,2
139,2
176008,2
155,2
343,2
47,2
38,2
607,1
219,0
20,1
340,1
192,0
189,0
50,2
137,0
60,2
646,0
4023,1
558,2
771,0
158,2
1633,1
5207,2
70,2
14,0
136,0
140,1
131,2
175,1
281,1
475,1
64,1
65,1
28,1
15,1
34,1
0,1
32951,2
20,2
422,2
145,2
173,2
23742,0
1,2
37,1
12,2
20,0
3513,1
1487,1
641,2
152,1
45,2
88,1
3,1
178,1
34,2
30,1
5390,1
71,2
115,2
4,2
124,0
1565,2
81,2
9,2
1,2
1,2
34105,0
592,2
246,2
72,2
52,2
4895,2
2,2
50,2
22,2
23,2
1287,1
645,1
303,1
290,1
126,1
168,1
98,1
20,1
10,2
3576,1
3307,2
217,2
196,2
215,2
591,2
3758,1
250,2
62,2
81,2
110,2
1,1
50,2
7,1
9,2
8,2
17,2
3,2
144,2
43,2
10,1
10111,2
77,2
14,2
32,2
68,2
3346,2
20,2
335,2
15,0
32,2
614,1
624,1
116,2
387,0
347,1
119,1
123,2
112,1
86,1
53,2
3643,2
62,1
49,2
64,2
12,2
8250,2
280,2
195,2
607,2
86,1
2387,1
250,2
312,1
37,2
25,1
3953,1
4,2
3,1
4,1
39,1
12118,2
114,2
25,2
5,2
0,2
50003,1
64,2
0,2
9,2
0,2
5261,1
1087,1
574,1
97,1
40,1
3502,1
218,2
370,1
26,1
41,1
154,2
139,2
62,2
28,2
40,2
6,2
7,2
10,1
33,1
1,2
8075,2
1138,1
595,1
957,1
57,1
6658,1
15,1
3,1
3,2
261,1
79048,1
552,2
1059,2
248,2
204,2
10120,0
261,2
96,0
58,2
543,1
0,1
0,1
1,2
0,1
3118,2
2164,1
306,2
414,2
520,1
1687,2
29,2
246,2
123,2
52,2
9029,2
1549,1
275,2
491,1
514,2
214,1
167,2
18,1
5,2
3458,1
63120,2
343,1
249,2
11,2
16,2
51402,0
4,2
20,2
11,2
17,0
496,1
3170,1
1082,1
1084,2
2553,2
989,1
662,2
2158,1
1243,2
1399,2
9150,1
1826,1
1236,2
753,1
266,1
2610,1
239,1
150,1
89,2
46,2
3975,1
151,2
84,2
2,2
33,2
3649,2
7,2
8,2
2,2
0,2
8,2
5,2
2,2
0,2
0,2
2,2
0,1
0,1
0,0
1,1
52899,2
117,0
1367,2
147,0
250,2
40230,2
1470,2
9,0
9,0
73,2
20,1
21,1
9,1
11,1
8,1
12,2
1,1
12,1
1,1
2,1
6903,1
1350,1
524,0
237,1
118,1
28,0
23,1
1641,2
95,0
3121,0
366,1
375,2
81,2
35,2
7,1
67,1
67,2
101,1
10,1
6,1
388,2
337,2
118,2
48,2
119,2
167,2
32,2
63,2
29,2
29,2
7,1
3,2
1,1
1,1
0,2
1,2
4,2
2,1
0,2
2,1
1,1
1,2
3,1
0,1
7,1
2,1
0,2
0,2
4,1
4,1
83,2
1006,2
587,2
360,0
354,2
213,0
153,1
121,1
28,0
161,1
128,1
70,2
436,2
95,2
15,2
49,2
24,2
30,2
38,2
15,1
393,2
69,2
31,2
31,2
1,2
3,2
3,2
15,1
4,2
24,2
230,1
621,2
1303,2
417,2
239,2
296,2
384,2
307,2
60,2
144,2
1618,2
10101,1
5144,1
2872,2
1196,2
329,2
1380,1
770,1
70,2
47,1
40,2
24,2
22,2
34,2
15,2
10,2
4,2
10,2
6,2
4,2
180,1
396,1
341,0
24,2
28,2
18,1
32,1
4,2
43,0
1,0
4,2
0,1
1,1
0,1
1,1
3,2
4,1
2,0
3008,2
307,2
230,0
97,2
33,2
360,2
26,2
56,2
98,1
1,2
12,1
0,1
1,1
5,1
8,1
0,2
1,1
0,1
0,1
0,2
2283,0
1692,2
1349,2
1213,1
902,1
727,1
243,2
53,1
260,2
109,2
65,2
1598,1
3,1
26,1
19,0
45,2
6,2
2,2
2,1
2,1
10,0
7,2
37,1
0,2
7,1
1,2
11,2
6,2
8,2
2,2
7,2
22,1
1,2
2,2
10,2
8,0
3,1
2,2
6,0
2,1
91,1
121,2
107,2
233,2
50,2
4,0
44,2
30,2
10,2
3,2
2,2
5,2
5,1
11,2
61,1
1,2
2,2
6,2
0,1
0,1
0,0
0,2
0,1
0,0
0,0
20,1
36,1
23,1
18,1
18,1
18,1
19,1
24,1
12,1
3,1
93,1
9,2
3,2
8,2
1,2
0,2
2,2
3,0
8,2
2,2
5,2
3,2
3,2
2,2
5,2
19,1
0,2
24,1
25,2
1,2
22,1
12,1
56,2
19,2
13,2
20,2
5,2
4,2
4,2
1,2
144,2
133,2
390,2
56,2
279,2
66,2
153,2
79,2
34,2
8,2
4,0
0,1
0,0
1,0
2,1
3,2
4,2
1,0
0,0
0,2
0,2
1,2
3,2
5,0
1,2
0,1
3,2
1,0
0,2
25,2
57,2
39,2
15,0
29,1
4,2
121,2
46,1
6,2
118,2
28,1
22,1
21,1
22,1
13,1
20,1
22,1
14,1
20,1
17,1
15,1
9,1
24,2
28,1
40,2
13,2
9,2
11,2
0,2
37,2
1,1
3,1
0,2
6,0
0,2
0,0
0,0
1,0
0,0
41,2
11,2
33,1
10,2
13,2
6,2
16,2
4,2
3,2
19,2
8277,1
13946,2
109,2
16,2
12,2
8,2
299,2
9,2
8,2
3,2
2,0
0,1
0,1
3,2
1,0
0,0
0,0
0,0
0,2
23,0
13,2
9,2
18,2
33,2
0,2
11,0
18,0
15,2
3,0
39,1
30,1
19,1
23,1
10,1
5,1
1,2
0,2
3,2
8,2
14,1
2,1
1,1
11,1
1,2
1,1
5,2
17,2
0,2
0,2
4,2
11,2
8,0
5,2
0,1
2,2
1,2
3,2
0,2
1,0
107,2
150,2
172,2
61,2
149,2
88,2
35,2
55,2
87,2
152,2
762,2
344,2
2,2
24,2
96,1
105,2
44,2
215,2
18,1
10,2
13,1
6,1
22,1
3,1
3,1
0,2
1,2
7,2
0,1
11,1
21431,1
20824,1
123,2
23,2
38,2
1,2
14353,2
12,2
8,1
8,2
44,1
7,2
14,1
2,0
36,2
4,2
1,2
0,2
8,2
8,2
882,2
77,2
90,2
7,0
14,2
1555,2
11,1
2,1
12,2
1,2
35,1
18,1
25,1
14,1
29,1
20,1
23,1
3,1
2,1
2,2
276,2
27,2
159,1
82,1
130,2
70,2
193,2
8,2
27,2
3,1
20,2
2,2
5,2
0,2
0,2
0,2
1,2
0,2
0,2
2,2
10,2
8,2
25,2
0,2
3,2
3,2
21,2
56,2
6,2
14,2
13,1
15,1
14,2
3,2
22,1
13,2
2,1
34,2
20,2
16,2
13,2
12,1
9,2
1,2
2,1
6,0
96,1
37,1
13,2
38,1
38,1
45,2
180,1
75,2
45,1
13,2
47,1
75,1
43,2
79,2
18,2
67,2
41,2
22,2
29,2
2,1
0,1
126,1
304,2
120,2
40,2
71,2
80,2
82,2
85,2
58,2
43,2
258,2
479,1
18,1
191,1
31,1
142,1
61,1
96,1
283,1
0,1
235,2
94,2
165,2
78,2
260,0
13,2
21,2
36,2
49,2
47,2
126,1
124,2
236,2
4,1
443,2
11,2
26,1
91,1
9,1
343,2
4330,2
1092,2
576,2
198,1
180,2
7374,2
111,2
15,0
31,0
39,1
1224,0
75,1
156,0
57,0
42,2
55,0
49,1
32,2
55,0
32,0
47,1
15,1
23,1
14,1
19,1
12,1
1,1
5,2
79,1
41,1
583,2
69,2
37,2
27,2
13,2
31,2
7,2
3,0
3,2
0,2
6,2
0,2
1,2
1,2
0,1
1,2
0,2
2,1
0,2
152,1
1199,1
965,2
410,2
114,2
6,1
34,2
26,2
17,2
3,2
89,1
141,2
258,2
140,2
59,2
12,2
44,2
9,2
4,2
68,2
1300,2
2533,1
2844,0
181,0
1737,1
3873,2
164,1
81,2
66,2
21,2
131,2
9,2
3,2
12,2
101,1
0,2
5,2
2,2
0,2
2,2
536,1
2480,1
1452,1
1496,2
346,2
54,1
196,0
102,2
233,1
154,2
73,2
24,2
17,2
0,0
10,2
5,2
13,2
1,2
2,2
0,2
81,0
195,0
91,1
17,2
22,1
16,1
6,1
7,0
9,1
5,1
5,1
0,2
18,2
4,2
1,2
5,2
2,2
2,1
3,2
2,2
9,1
107,2
199,2
57,2
82,0
24,2
14,1
4,2
0,2
12,2
487,2
249,2
124,2
13,2
3,0
12,1
1,2
3,2
81,2
2,2
136,2
66,1
177,2
350,2
97,2
42,2
69,2
45,2
17,2
19,1
3,2
8,2
6,2
6,2
2,1
1,2
0,1
8,2
0,2
3,1
4,1
37,2
30,2
6,1
0,2
2,1
1,1
1,2
2,2
0,2
117,2
1,1
14,1
36,0
45,1
127,2
15,1
5,2
3,2
12,1
168,2
107,2
17,2
18,2
0,2
4,2
7,2
42,2
6,2
1,2
69,2
6,1
10,2
3,2
3,2
1329,1
10,2
2,2
2,1
2,1
13,2
25,2
114,2
33,1
12,2
16,2
8,2
15,2
9,1
1,2
207,2
29,2
66,2
10,2
2,2
6,2
0,2
5,2
18,2
0,2
216,2
13,2
4,2
22,2
64,2
1,0
0,2
4,0
0,2
0,2
867,2
25,0
142,2
543,0
486,1
47,1
68,1
10,1
304,2
5,2
1,1
74,2
37,2
14,2
8,2
79,2
3,2
47,2
7,2
24,2
3,1
18,2
9,2
1,2
8,2
1,2
11,2
2,2
33,1
5,2
15,2
1,2
0,2
1,2
3,2
1,2
6,2
0,2
0,2
1,2
21,1
4,2
0,2
1,2
1,1
3,1
15,2
7,2
11,2
0,1
35,1
63,2
196,2
654,1
54,2
43,2
65,2
68,2
0,2
2,2
153,2
17,2
46,2
7,2
22,2
1,2
0,2
0,2
4,2
3,2
2,2
11,2
3,1
1,2
0,2
3,2
0,2
1,2
10,2
0,2
211,1
74,1
91,2
56,2
806,1
734,2
142,2
48,2
17,2
60,2
36,2
10,2
7,2
2,2
1,2
2,2
2,2
0,2
1,2
2,2
483,2
223,2
280,2
31,2
4,2
24,2
36,2
1,2
2,2
5,2
58,2
199,2
163,2
117,1
87,2
19,0
28,1
19,2
36,1
25,2
199,2
84,2
9,2
24,2
4,2
34,2
3,2
7,2
1,0
6,2
1,2
14,2
4,0
5,2
3,2
3,0
0,1
0,2
0,2
0,2
44,2
15,2
1,2
0,2
90,1
0,2
2,0
4,2
1,1
3,1
65,1
866,2
77,1
8,2
273,2
4,2
33,2
13,1
0,2
3,1
141,1
109,2
202,2
8,2
27,2
127,1
1,2
2,2
8,2
1,2
2013,2
2254,2
166,2
320,1
56,2
43,2
83,2
3,2
48,2
17,2
737,2
327,2
26,2
43,2
130,2
3,2
2,2
0,2
0,2
4,2
55,2
28,2
852,2
112,2
15,2
12,2
89,2
340,1
28,1
4,2
0,1
0,1
48,2
181,2
324,2
414,2
245,2
110,2
0,2
66,2
14,2
44,2
1,1
37,2
35,2
14,2
14,2
2,2
2,2
3,2
3,2
1,2
69,2
1624,1
50,2
34,2
27,2
442,2
1,2
14,2
3,1
80,2
66,1
3,2
79,1
26,1
37,1
6,2
35,2
8,2
2,2
0,1
6,1
0,1
1,1
0,1
0,1
0,1
0,1
1,1
0,1
0,2
0,1
22,2
2,2
1,1
1,2
1,1
1,1
6,2
0,1
0,1
26,2
172,1
26,2
4,2
0,2
3,2
0,2
1,2
1,2
2,2
50,2
22,1
11,1
30,2
6,2
11,2
4,2
7,2
1,2
0,2
21,2
1770,2
528,2
270,2
196,2
66,2
44,2
39,2
18,2
9,2
5139,1
2557,0
1527,1
976,2
648,1
224,2
298,1
200,2
562,2
176,1
179,2
967,1
1905,1
833,2
318,2
208,1
65,2
38,2
505,2
69,2
1077,1
1412,2
1983,2
594,2
441,1
904,2
153,1
83,1
210,2
45,2
26,2
306,2
93,2
61,0
28,2
26,1
136,2
11,2
0,2
1,2
34,2
8,2
33,2
16,2
11,2
1,2
1,2
0,2
0,2
0,2
77,2
97,2
7,2
5,2
56,2
8,2
136,1
39,2
19,2
4,1
122,1
328,2
15,2
172,2
107,2
90,2
20,2
21,2
7,2
18,2
1704,2
1304,2
605,2
136,0
156,2
3290,2
495,2
203,1
16,2
146,0
2604,1
2175,1
246,2
734,1
318,2
391,2
129,2
78,0
555,2
136,1
53,2
617,2
243,2
201,2
15,1
23,1
64,2
34,2
6,2
6,2
0,2
0,2
0,2
0,2
0,2
0,2
0,2
0,2
0,2
4,0
583,2
469,2
148,2
201,2
134,2
166,2
82,2
43,2
47,2
46,2
1258,2
24,2
193,2
58,2
13,2
2662,2
16,2
16,2
13,2
15,2
142,2
83,2
63,2
37,2
28,2
17,2
7,1
13,2
9,2
11,2
643,2
1680,2
83,2
52,2
29,2
256,2
23,2
17,2
10,2
8,2
38,1
495,2
273,2
31,2
120,2
91,2
34,2
17,2
13,2
38,2
2,0
8,2
6,2
6,2
1,2
2,2
4,2
1,2
1,2
1,2
2504,2
1090,0
3730,2
2269,1
301,2
39,2
18,2
11,2
3,2
2,2
1377,2
2845,2
1546,2
642,2
69,2
187,2
232,1
299,1
60,2
59,2
55,1
508,2
112,2
52,1
191,0
160,0
58,2
70,2
26,2
34,1
4041,2
93,2
17,2
12,2
9,2
2535,1
2,2
4,2
1,1
2,1
187,1
213,2
106,0
29,1
33,2
76,1
14,1
24,2
7,2
12,2
4263,0
3606,2
1180,2
208,0
514,0
531,2
41,2
62,2
7,2
32,2
8,2
2,2
1,1
0,2
2,2
0,1
1,2
1,2
0,2
1,2
7,2
16,2
8,2
9,2
2,2
3,2
6,2
1,2
1,2
2,0
9519,2
484,2
33,2
2190,2
716,2
8937,0
492,2
246,1
117,2
335,2
114,2
350,0
186,2
103,2
86,2
73,1
12,1
19,2
25,0
16,2
1003,2
4733,0
932,0
520,1
253,1
14491,1
72,1
7,2
8,1
6,1
71,0
65,1
18,0
117,2
5,2
11,2
5,2
2,2
2,2
1,1
3,2
368,2
99,1
43,1
34,2
84,1
32,2
8,1
17,2
82,2
69,2
476,2
117,2
99,0
70,2
108,2
10,2
42,2
13,2
24,2
4395,1
711,2
147,2
19,2
196,2
2755,0
3,2
4,2
5,2
5,2
141,2
862,2
272,2
106,2
51,2
36,2
17,2
15,2
5,2
113,2
1197,0
2015,1
109,1
483,1
78,2
1054,1
280,0
525,2
488,2
4,2
151,2
93,2
60,2
44,1
16,2
12,1
5,2
2,2
8,2
4,2
222,2
164,2
139,2
63,2
27,2
20,2
15,2
22,2
27,1
13,2
363,2
45,1
353,1
30,2
43,2
4,2
3,2
4,2
2,1
3,0
90,2
2989,0
2289,2
2055,0
558,0
72,2
663,0
25,1
43,1
9,0
30,2
8,1
3,2
4,2
0,2
1,2
1,2
0,2
0,2
1,2
1382,1
474,2
168,2
61,2
9,2
37,2
75,2
15,1
34,2
4,2
89,0
23,2
20,2
10,2
3,2
3,2
1,1
0,2
3,2
0,2
17,2
30,2
176,2
3,1
4,2
33,2
0,1
0,2
1,1
0,2
7,0
558,0
413,1
218,2
148,2
78,2
41,1
30,2
504,1
37,2
19,1
34,1
43,1
17,2
15,2
12,2
2,2
2,1
1,2
1,2
4659,2
679,2
836,2
122,2
2311,1
278,1
28,2
229,2
132,2
42,2
386,1
693,2
147,2
127,2
677,1
55,2
21,2
38,2
131,1
205,2
27,2
27,2
4,1
11,1
1,2
1,2
2,2
2,2
2,2
1,2
127,2
161,2
51,2
10,2
1,2
5,2
4,2
7,2
3,2
3,1
227,2
953,1
88,2
51,1
19,2
0,2
472,2
2,1
2,1
2,1
108,1
3432,1
1547,1
46,2
7,2
5,2
13,2
59,2
3,2
27,2
10129,1
5254,2
3671,0
5703,2
2134,1
4995,1
5536,2
586,2
1973,2
983,2
241,1
328,1
1011,2
37,2
80,2
37,2
29,2
9,2
22,2
10,2
30,1
44,2
3,2
7,2
6,2
2,2
1,2
0,2
1,2
1,2
483,2
223,2
280,2
31,2
4,2
24,2
36,2
1,2
2,2
5,2
29,1
829,2
135,2
15,2
0,2
5,2
3,2
5,2
32,2
0,2
13,2
1,1
0,2
1,0
2,1
1,2
0,2
1,1
0,1
0,1
349,2
2327,2
566,1
1893,1
100,2
160,2
19,2
97,1
59,2
1075,1
44,2
2,2
28,2
89,2
1,2
3,0
11,2
0,2
27,2
38,2
371,2
735,2
124,2
78,2
26,2
8511,1
8,2
8,1
3,2
15,2
597,2
544,2
101,2
68,2
146,2
46,2
8,1
3,2
10,2
3,2
44,2
224,2
34,2
728,1
15,2
11,1
13,2
8,2
6,2
0,2
27,1
41,2
7,1
7,1
0,2
1,2
2,2
7,2
5,1
21,2
2813,2
2706,1
1691,2
587,2
214,2
4,2
5,2
6,2
1,2
304,2
5,2
3,2
0,2
2,2
2,2
1,2
0,0
0,2
0,2
3,2
145,2
1204,1
1270,1
62,2
26,2
13,2
26,0
5,2
70,2
16,2
25,2
11,2
6,2
5,2
129,2
1,2
16,2
33,2
4,2
2,2
18,2
916,2
176,1
64,2
20,2
0,2
9,2
69,2
40,2
0,2
1240,2
285,2
328,2
25,2
18,2
5,2
25,2
4,2
12,2
0,2
860,1
120,2
8,2
249,2
171,1
5,2
4,2
19,2
31,2
6,2
107,2
274,2
37,2
4,2
1,2
12,2
2,2
9,2
2,2
9,2
1453,2
497,1
23,2
50,2
19,2
41,2
44,2
5,2
26,2
42,2
2142,2
2255,2
214,2
34,2
426,2
126,1
1276,1
41,2
5,2
6363,2
3,1
18,2
7,2
10,2
2,2
2,2
2,2
1,2
0,2
0,2
0,1
23,2
53,2
5,0
0,2
119,1
2,2
8,1
3,2
45,2
31,2
11,1
1,2
1,2
2,2
0,2
1,2
9,2
0,1
3,2
324,1
400,1
33,2
5,2
13,2
5,0
10,2
8,2
10,2
4,0
55,1
43,2
8,2
2,1
10,2
5,2
2,2
0,2
0,2
2,2
70,2
89,2
13,2
31,2
6,2
0,2
4,2
0,2
5,2
5,2
6265,0
77,0
82,0
13,2
25,2
19518,0
13,2
13,1
22,2
8,2
104,2
39,2
46,2
22,2
1,2
1,2
2,2
1,1
3,2
0,1
149,1
39,2
14,2
5,2
37,2
59,2
5,2
10,2
0,0
4,2
188,1
254,2
574,2
162,1
52,2
5,2
10,2
8,1
123,2
6,2
11,1
11,2
3,2
4,2
5,2
5,2
9,2
0,2
0,2
0,2
2180,2
1791,2
4792,0
749,2
279,2
265,2
2111,2
59,2
26,2
5,2
3,2
5,1
0,2
1,1
2,2
1,1
1,2
1,2
1,2
1,2
15,1
335,1
11,2
11,2
6,2
7,2
9,2
1,2
0,2
1,2
1,1
0,2
2,1
272,2
57,2
34,2
23,2
8,2
8,2
0,2
1,2
0,2
0,2
9,1
149,1
5,1
45,1
3,1
52,1
2,2
1,1
1,1
0,1
2,1
3,2
3,2
32,2
2,2
2,2
7,2
4,1
0,2
8,2
25,2
29,1
9,2
27,2
1,1
0,2
3,2
0,1
6,1
2,2
1,2
8,2
2,2
1,2
3,2
2,2
5,2
1,2
5,2
1,2
124,1
2,2
5,2
2,2
0,2
1,2
0,1
7,1
0,2
1,2
2,1
33,2
2,2
15,2
18,1
1,2
0,1
0,2
0,2
55,2
12,1
23,0
115,1
16,2
9,1
9,2
6,1
1,0
0,1
1,2
127,2
49,2
50,2
1,1
2,2
3,1
2,1
2,2
10,2
1,1
247,2
263,2
180,2
359,2
119,2
21,2
159,2
66,2
26,2
38,2
38,2
4,2
1,2
2,2
0,2
0,2
3,2
2,2
1,2
2,2
575,2
29,2
5,2
5,2
33,1
0,2
20,2
1,1
35,2
0,2
